"racer_number","racer_name","racer_name_kana","branch","grade","period_year","period_half"
"2538","高橋二朗","ｼﾞﾛｳ","京","B1","2025","前期"
"2878","富山弘幸","ﾋﾛﾕｷ","阪","B1","2025","前期"
"3024","西島義則","ﾏ ﾖｼﾉﾘ","島","B1","2025","前期"
"3054","北川幸典","ﾜ ﾕｷﾉﾘ","島","B1","2025","前期"
"3070","山室展弘","ﾉﾌﾞﾋﾛ","山","B1","2025","前期"
"3072","西田靖","ﾔｽｼ","京","B1","2025","前期"
"3075","中村裕将","ﾋﾛﾉﾌﾞ","玉","B1","2025","前期"
"3081","岡本慎治","ｼﾝｼﾞ","口","B1","2025","前期"
"3105","内山文典","ﾌﾐﾉﾘ","京","B1","2025","前期"
"3107","平岡重典","ｼｹﾞﾉﾘ","阪","B1","2025","前期"
"3156","金子良昭","ﾖｼｱｷ","岡","B1","2025","前期"
"3158","島川光男","ﾐﾂｵ","島","B1","2025","前期"
"3159","江口晃生","ｱｷｵ","馬","B1","2025","前期"
"3161","古場輝義","ﾃﾙﾖｼ","阪","B1","2025","前期"
"3175","渡辺千草","ﾞ ﾁｸﾞｻ","京","B1","2025","前期"
"3176","長谷川巌","ﾜ ｲﾜｵ","口","B1","2025","前期"
"3188","日高逸子","ｲﾂｺ","岡","B1","2025","前期"
"3202","三品隆浩","ﾀｶﾋﾛ","京","B1","2025","前期"
"3207","田村美和","ﾐﾜ","京","B1","2025","前期"
"3211","北川敏弘","ﾜ ﾄｼﾋﾛ","賀","B1","2025","前期"
"3212","亀本勇樹","ﾕｳｷ","島","B1","2025","前期"
"3224","栗山繁洋","ｼｹﾞﾋﾛ","賀","B1","2025","前期"
"3226","浦田信義","ﾉﾌﾞﾖｼ","京","B1","2025","前期"
"3232","山川美由紀","ﾐﾕｷ","川","B1","2025","前期"
"3233","小畑実成","ﾐﾅﾘ","山","B1","2025","前期"
"3246","星野政彦","ﾏｻﾋｺ","庫","B1","2025","前期"
"3251","平石和男","ｶｽﾞｵ","玉","B1","2025","前期"
"3256","三角哲男","ﾃﾂｵ","京","B1","2025","前期"
"3257","田頭実","ﾐﾉﾙ","岡","B1","2025","前期"
"3265","今村暢孝","ﾉﾌﾞﾀｶ","岡","B1","2025","前期"
"3268","森竜也","ﾂﾔ","重","B1","2025","前期"
"3273","石田豪","ﾂﾖｼ","島","B1","2025","前期"
"3277","齋藤勇","ｲｻﾑ","京","B1","2025","前期"
"3282","池本輝明","ﾃﾙｱｷ","島","B1","2025","前期"
"3284","渡邊伸太郎","ﾞ ｼﾝﾀﾛｳ","賀","B1","2025","前期"
"3286","坂東満","ﾞｳ ﾐﾂﾙ","岡","B1","2025","前期"
"3289","高橋淳美","ｱﾂﾐ","阪","B1","2025","前期"
"3293","宮内由紀英","ﾕｷﾋﾃﾞ","京","B1","2025","前期"
"3294","野中義生","ﾖｼｵ","岡","B1","2025","前期"
"3297","藤丸光一","ﾙ ｺｳｲﾁ","岡","B1","2025","前期"
"3300","川崎智幸","ﾄﾓﾕｷ","山","B1","2025","前期"
"3302","谷川里江","ﾘｴ","知","B1","2025","前期"
"3303","渡辺豊","ﾞ ﾕﾀｶ","京","B1","2025","前期"
"3304","烏野賢太","ﾝﾀ","島","B1","2025","前期"
"3305","小野信樹","ﾌﾞｷ","山","B1","2025","前期"
"3306","武田正紀","ﾏｻﾉﾘ","玉","B1","2025","前期"
"3313","本吉正樹","ﾏｻｼﾞ","京","B1","2025","前期"
"3315","広瀬聖仁","ﾏｻﾋﾄ","知","B1","2025","前期"
"3319","山崎義明","ｷ ﾖｼｱｷ","玉","B1","2025","前期"
"3327","野長瀬正孝","ｾ ﾏｻﾀｶ","岡","B1","2025","前期"
"3333","丸尾義孝","ﾖｼﾀｶ","島","B1","2025","前期"
"3334","角ひとみ","ﾄﾐ","島","B1","2025","前期"
"3339","泉具巳","ﾄﾓﾐ","庫","B1","2025","前期"
"3340","池田雷太","ﾗｲﾀ","京","B1","2025","前期"
"3346","宮本裕之","ﾋﾛﾕｷ","庫","B1","2025","前期"
"3349","吉田一郎","ｲﾁﾛｳ","崎","B1","2025","前期"
"3350","藤本佳史","ﾄ ﾖｼﾌﾐ","口","B1","2025","前期"
"3352","小川晃司","ｺｳｼﾞ","岡","B1","2025","前期"
"3353","前田光昭","ﾐﾂｱｷ","玉","B1","2025","前期"
"3355","橋谷田佳織","ﾞ ｶｵﾘ","京","B1","2025","前期"
"3357","福島陽子","ﾖｵｺ","山","B1","2025","前期"
"3361","岡部浩","ﾋﾛｼ","島","B1","2025","前期"
"3362","間嶋仁志","ﾋﾄｼ","重","B1","2025","前期"
"3370","坪内実","ﾁ ﾐﾉﾙ","阪","B1","2025","前期"
"3372","加藤雅之","ﾏｻﾕｷ","島","B1","2025","前期"
"3377","塚田修二","ｼｭｳｼﾞ","京","B1","2025","前期"
"3381","滝沢芳行","ﾜ ﾖｼﾕｷ","玉","B1","2025","前期"
"3385","渡邉睦広","ﾞ ﾉﾌﾞﾋﾛ","京","B1","2025","前期"
"3388","今垣光太郎","ｷ ｺｳﾀﾛｳ","井","B1","2025","前期"
"3391","鈴木茂正","ｼｹﾞﾏｻ","京","B1","2025","前期"
"3392","小森信雄","ﾉﾌﾞｵ","重","B1","2025","前期"
"3401","上田隆章","ﾀｶｱｷ","川","B1","2025","前期"
"3406","中里英夫","ﾄ ﾋﾃﾞｵ","馬","B1","2025","前期"
"3411","池上隆行","ﾐ ﾀｶﾕｷ","島","B1","2025","前期"
"3412","鈴木博","ﾋﾛｼ","玉","B1","2025","前期"
"3414","加瀬智宏","ﾓﾋﾛ","馬","B1","2025","前期"
"3415","松井繁","ｼｹﾞﾙ","阪","B1","2025","前期"
"3419","栗原謙治","ｹﾝｼﾞ","馬","B1","2025","前期"
"3422","服部幸男","ﾕｷｵ","岡","B1","2025","前期"
"3430","角浜修","ｵｻﾑ","島","B1","2025","前期"
"3432","宮迫暢彦","ﾉﾌﾞﾋｺ","阪","B1","2025","前期"
"3434","松尾宣邦","ﾉﾌﾞｸﾆ","岡","B1","2025","前期"
"3435","寺田千恵","ﾁｴ","山","B1","2025","前期"
"3436","柏野幸二","ｺｳｼﾞ","山","B1","2025","前期"
"3439","大平誉史明","ﾖｼｱｷ","阪","B1","2025","前期"
"3441","土屋太朗","ﾀﾛｳ","馬","B1","2025","前期"
"3442","宮武英司","ｴｲｼﾞ","川","B1","2025","前期"
"3444","香月大介","ﾀﾞｲｽｹ","岡","B1","2025","前期"
"3445","加藤高史","ﾀｶｼ","玉","B1","2025","前期"
"3448","高山秀雄","ﾋﾃﾞｵ","馬","B1","2025","前期"
"3454","井川大作","ﾀﾞｲｻｸ","山","B1","2025","前期"
"3455","谷本幸司","ｺｳｼﾞ","知","B1","2025","前期"
"3458","東健介","ｹﾝｽｹ","山","B1","2025","前期"
"3459","中野和裕","ｶｽﾞﾋﾛ","賀","B1","2025","前期"
"3461","渡邊哲也","ﾞ ﾃﾂﾔ","岡","B1","2025","前期"
"3462","竹上真司","ｼﾝｼﾞ","山","B1","2025","前期"
"3463","乙津康志","ｽｼ","京","B1","2025","前期"
"3467","森弘行","ﾛﾕｷ","京","B1","2025","前期"
"3470","新田芳美","ﾖｼﾐ","島","B1","2025","前期"
"3471","赤峰和也","ｶｽﾞﾔ","賀","B1","2025","前期"
"3473","石川真二","ｼﾝｼﾞ","岡","B1","2025","前期"
"3474","松瀬弘美","ﾋﾛﾐ","岡","B1","2025","前期"
"3475","橋本久和","ﾋｻｶｽﾞ","馬","B1","2025","前期"
"3477","近藤稔也","ｳ ﾄｼﾔ","島","B1","2025","前期"
"3478","嶋田貴支","ﾀｶｼ","川","B1","2025","前期"
"3482","金子猛志","ﾀｹｼ","馬","B1","2025","前期"
"3484","芝田浩治","ｺｳｼﾞ","庫","B1","2025","前期"
"3489","大場敏","ｻﾄｼ","岡","B1","2025","前期"
"3497","後藤浩","ﾋﾛｼ","玉","B1","2025","前期"
"3499","市川哲也","ﾃﾂﾔ","島","B1","2025","前期"
"3502","渡邉英児","ﾞ ｴｲｼﾞ","岡","B1","2025","前期"
"3503","堂原洋史","ﾗ ﾋﾛﾌﾐ","玉","B1","2025","前期"
"3505","山田竜一","ﾘｭｳｲﾁ","京","B1","2025","前期"
"3507","藤井徹","ﾄｵﾙ","阪","B1","2025","前期"
"3508","久富政弘","ﾏｻﾋﾛ","賀","B1","2025","前期"
"3509","池千夏","ﾅﾂ","川","B1","2025","前期"
"3514","山一鉄也","ﾃﾂﾔ","岡","B1","2025","前期"
"3516","吉原聖人","ｷﾖﾄ","島","B1","2025","前期"
"3517","高橋勲","ｲｻｵ","京","B1","2025","前期"
"3518","倉田郁美","ｲｸﾐ","岡","B1","2025","前期"
"3519","冨田秀幸","ﾋﾃﾞﾕｷ","知","B1","2025","前期"
"3523","寳田亮治","ﾞ ﾘｮｳｼﾞ","岡","B1","2025","前期"
"3527","中嶋誠一郎","ｾｲｲﾁﾛｳ","崎","B1","2025","前期"
"3528","笠野友紀恵","ﾕｷｴ","知","B1","2025","前期"
"3532","柴田光","ﾋｶﾙ","馬","B1","2025","前期"
"3535","渡修平","ｼｭｳﾍｲ","庫","B1","2025","前期"
"3538","菊池峰晴","ﾐﾈﾊﾙ","馬","B1","2025","前期"
"3539","金子順一","ｼﾞｭﾝｲﾁ","口","B1","2025","前期"
"3541","三嶌誠司","ｾｲｼﾞ","川","B1","2025","前期"
"3542","清水紀克","ﾉﾘｶﾂ","知","B1","2025","前期"
"3543","福田雅一","ﾏｻｶｽﾞ","川","B1","2025","前期"
"3544","豊田訓靖","ｸﾆﾔｽ","岡","B1","2025","前期"
"3546","中里昌志","ﾏｻｼ","玉","B1","2025","前期"
"3548","室田泰史","ﾔｽﾌﾐ","井","B1","2025","前期"
"3550","都築正治","ﾏｻﾊﾙ","知","B1","2025","前期"
"3551","藤田美代","ﾐﾖ","岡","B1","2025","前期"
"3553","平池仁志","ﾋﾄｼ","川","B1","2025","前期"
"3554","仲口博崇","ﾁ ﾋﾛﾀｶ","知","B1","2025","前期"
"3556","田中信一郎","ｼﾝｲﾁﾛｳ","阪","B1","2025","前期"
"3557","太田和美","ｶｽﾞﾐ","阪","B1","2025","前期"
"3558","山本浩次","ｺｳｼﾞ","山","B1","2025","前期"
"3562","山下和彦","ｶｽﾞﾋｺ","島","B1","2025","前期"
"3563","堤昇","ﾉﾎﾞﾙ","岡","B1","2025","前期"
"3564","桑原啓","ｱｷﾗ","岡","B1","2025","前期"
"3566","川添英正","ｴ ﾋﾃﾞﾏｻ","岡","B1","2025","前期"
"3567","吉岡誠","ﾏｺﾄ","口","B1","2025","前期"
"3568","木村光宏","ﾐﾂﾋﾛ","川","B1","2025","前期"
"3569","増田進","ｽｽﾑ","京","B1","2025","前期"
"3572","安田政彦","ﾏｻﾋｺ","庫","B1","2025","前期"
"3574","大神康司","ﾐ ｺｳｼﾞ","岡","B1","2025","前期"
"3576","白水勝也","ﾞ ｶﾂﾔ","岡","B1","2025","前期"
"3577","向所浩二","ﾞｮ ｺｳｼﾞ","庫","B1","2025","前期"
"3578","塩田雄一","ﾕｳｲﾁ","川","B1","2025","前期"
"3579","中里優子","ﾕｳｺ","玉","B1","2025","前期"
"3580","水口由紀","ﾕｷ","賀","B1","2025","前期"
"3581","加木郁","ｶｵﾙ","口","B1","2025","前期"
"3582","吉川昭男","ｱｷｵ","賀","B1","2025","前期"
"3583","齋藤智裕","ﾄﾓﾋﾛ","玉","B1","2025","前期"
"3584","佐木英樹","ﾋﾃﾞｷ","島","B1","2025","前期"
"3587","武田信一","ｼﾝｲﾁ","島","B1","2025","前期"
"3589","西村勝","ﾏｻﾙ","玉","B1","2025","前期"
"3590","濱野谷憲吾","ｹﾝｺﾞ","京","B1","2025","前期"
"3591","後藤孝義","ﾀｶﾖｼ","岡","B1","2025","前期"
"3593","横井光弘","ﾐﾂﾋﾛ","崎","B1","2025","前期"
"3596","河上年昭","ﾄｼｱｷ","玉","B1","2025","前期"
"3600","玄馬徹","ﾞ ﾄｵﾙ","山","B1","2025","前期"
"3602","奥平拓也","ｲﾗ ﾀｸﾔ","京","B1","2025","前期"
"3604","武藤綾子","ｱﾔｺ","岡","B1","2025","前期"
"3605","中村守成","ﾓﾘｼｹﾞ","重","B1","2025","前期"
"3606","川北浩貴","ﾋﾛﾀｶ","賀","B1","2025","前期"
"3607","原田智和","ﾄﾓｶｽﾞ","阪","B1","2025","前期"
"3611","岩崎芳美","ﾖｼﾐ","島","B1","2025","前期"
"3612","馬袋義則","ﾖｼﾉﾘ","庫","B1","2025","前期"
"3613","角谷健吾","ｹﾝｺﾞ","京","B1","2025","前期"
"3614","谷勝幸","ﾂﾕｷ","島","B1","2025","前期"
"3615","横田茂","ｼｹﾞﾙ","島","B1","2025","前期"
"3616","中村真","ﾏｺﾄ","岡","B1","2025","前期"
"3617","竹田広樹","ﾋﾛｷ","賀","B1","2025","前期"
"3618","海野ゆかり","ﾕｶﾘ","島","B1","2025","前期"
"3619","長谷川充","ﾜ ﾐﾂﾙ","馬","B1","2025","前期"
"3620","信濃由行","ﾖｼﾕｷ","井","B1","2025","前期"
"3621","天野晶夫","ｱｷｵ","知","B1","2025","前期"
"3623","深川真二","ﾜ ｼﾝｼﾞ","賀","B1","2025","前期"
"3627","井上恵一","ｹｲｲﾁ","岡","B1","2025","前期"
"3629","浅見昌克","ﾏｻｶﾂ","玉","B1","2025","前期"
"3630","黒田誠司","ｾｲｼﾞ","岡","B1","2025","前期"
"3631","田添康介","ｺｳｽｹ","崎","B1","2025","前期"
"3635","石田政吾","ｾｲｺﾞ","井","B1","2025","前期"
"3637","齋藤和政","ｶｽﾞﾏｻ","知","B1","2025","前期"
"3641","一瀬明","ｱｷﾗ","京","B1","2025","前期"
"3642","大塚浩二","ｺｳｼﾞ","岡","B1","2025","前期"
"3643","米田隆弘","ﾀｶﾋﾛ","山","B1","2025","前期"
"3644","矢橋成介","ｾｲｽｹ","重","B1","2025","前期"
"3645","淺田千亜希","ﾁｱｷ","島","B1","2025","前期"
"3647","伊藤雄二","ﾕｳｼﾞ","玉","B1","2025","前期"
"3652","森下勇","ｲｻﾑ","馬","B1","2025","前期"
"3653","品川賢次","ﾜ ｹﾝｼﾞ","馬","B1","2025","前期"
"3654","武田光史","ﾐﾂﾌﾐ","井","B1","2025","前期"
"3655","本橋克洋","ｶﾂﾋﾛ","馬","B1","2025","前期"
"3656","伯母芳恒","ﾖｼﾂﾈ","京","B1","2025","前期"
"3659","藤生雄人","ｳ ﾀｹﾋﾄ","馬","B1","2025","前期"
"3660","長谷川親王","ﾜ ﾁｶｵ","川","B1","2025","前期"
"3661","柳瀬興志","ｺｳｼﾞ","口","B1","2025","前期"
"3662","大庭元明","ﾓﾄｱｷ","岡","B1","2025","前期"
"3663","木山和幸","ｶｽﾞﾕｷ","島","B1","2025","前期"
"3664","鈴木賢一","ｹﾝｲﾁ","玉","B1","2025","前期"
"3679","飯島昌弘","ﾏ ｱｷﾋﾛ","玉","B1","2025","前期"
"3680","森林太","ﾔｼ ﾌﾄｼ","崎","B1","2025","前期"
"3681","山谷央","ｼﾝ","京","B1","2025","前期"
"3684","清水攻二","ｺｳｼﾞ","口","B1","2025","前期"
"3685","荒井輝年","ﾃﾙﾄｼ","山","B1","2025","前期"
"3686","鳥居塚孝博","ﾞｶ ﾀｶﾋﾛ","馬","B1","2025","前期"
"3687","花田和明","ｶｽﾞｱｷ","知","B1","2025","前期"
"3690","河合三弘","ﾐﾂﾋﾛ","知","B1","2025","前期"
"3692","竹腰正樹","ｼ ﾏｻｷ","井","B1","2025","前期"
"3696","白井友晴","ﾄﾓﾊﾙ","玉","B1","2025","前期"
"3697","勝野竜司","ﾀﾂｼﾞ","庫","B1","2025","前期"
"3699","富永正人","ﾞ ﾏｻﾄ","玉","B1","2025","前期"
"3701","大西隆洋","ﾀｶﾋﾛ","川","B1","2025","前期"
"3702","貞兼淳二","ﾈ ｼﾞｭﾝｼﾞ","岡","B1","2025","前期"
"3703","鳥飼眞","ﾏｺﾄ","岡","B1","2025","前期"
"3704","本部めぐみ","ﾒｸﾞﾐ","重","B1","2025","前期"
"3708","岡部貴司","ﾀｶｼ","山","B1","2025","前期"
"3710","吉永泰弘","ﾞ ﾔｽﾋﾛ","川","B1","2025","前期"
"3711","江本真治","ｼﾝｼﾞ","口","B1","2025","前期"
"3712","淺香文武","ﾌﾐﾀｹ","重","B1","2025","前期"
"3713","伊藤誠二","ｾｲｼﾞ","知","B1","2025","前期"
"3714","梶原正","ﾗ ﾀﾀﾞｼ","岡","B1","2025","前期"
"3715","倉尾大介","ﾀﾞｲｽｹ","岡","B1","2025","前期"
"3716","石渡鉄兵","ﾃｯﾍﾟｲ","京","B1","2025","前期"
"3717","立間充宏","ﾐﾂﾋﾛ","山","B1","2025","前期"
"3718","伊達正利","ﾏｻﾄｼ","岡","B1","2025","前期"
"3719","辻栄蔵","ｴｲｿﾞｳ","島","B1","2025","前期"
"3721","守田俊介","ｼｭﾝｽｹ","賀","B1","2025","前期"
"3722","西村秀樹","ﾋﾃﾞｷ","岡","B1","2025","前期"
"3726","桂林寛","ﾞﾔｼ ﾋﾛｼ","岡","B1","2025","前期"
"3730","塩崎優司","ﾕｳｼﾞ","知","B1","2025","前期"
"3731","高濱芳久","ﾖｼﾋｻ","島","B1","2025","前期"
"3736","岡本猛","ﾀｹｼ","阪","B1","2025","前期"
"3737","上平真二","ｼﾝｼﾞ","島","B1","2025","前期"
"3740","大澤普司","ｼﾝｼﾞ","馬","B1","2025","前期"
"3741","松尾基成","ﾓﾄﾅﾘ","岡","B1","2025","前期"
"3742","宮地秀祈","ﾋﾃﾞｷ","岡","B1","2025","前期"
"3743","林美憲","ﾖｼﾉﾘ","島","B1","2025","前期"
"3744","徳増秀樹","ﾋﾃﾞｷ","岡","B1","2025","前期"
"3745","橋本年光","ﾄｼﾐﾂ","庫","B1","2025","前期"
"3746","岡瀬正人","ﾏｻﾄ","山","B1","2025","前期"
"3747","國崎良春","ﾖｼﾊﾙ","岡","B1","2025","前期"
"3748","小黒竜吾","ﾘｭｳｺﾞ","玉","B1","2025","前期"
"3752","宇土泰就","ｽﾅﾘ","岡","B1","2025","前期"
"3757","畑和宏","ｽﾞﾋﾛ","島","B1","2025","前期"
"3761","山本光雄","ﾐﾂｵ","賀","B1","2025","前期"
"3769","佐竹恒彦","ﾂﾈﾋｺ","賀","B1","2025","前期"
"3771","折下寛法","ﾋﾛﾉﾘ","京","B1","2025","前期"
"3772","一柳和孝","ｷﾞ ｶｽﾞﾀｶ","玉","B1","2025","前期"
"3773","津留浩一郎","ｳｲﾁﾛｳ","崎","B1","2025","前期"
"3775","泉啓文","ﾋﾛﾌﾐ","山","B1","2025","前期"
"3776","横井健太","ｹﾝﾀ","知","B1","2025","前期"
"3777","樋口亮","ﾘｮｳ","崎","B1","2025","前期"
"3778","安達美帆","ﾐﾎ","玉","B1","2025","前期"
"3779","原田幸哉","ﾕｷﾔ","崎","B1","2025","前期"
"3783","瓜生正義","ﾏｻﾖｼ","岡","B1","2025","前期"
"3784","中島友和","ﾄﾓｶｽﾞ","賀","B1","2025","前期"
"3787","天野誠","ﾏｺﾄ","山","B1","2025","前期"
"3788","一宮稔弘","ﾄｼﾋﾛ","島","B1","2025","前期"
"3790","佐口達也","ﾀﾂﾔ","馬","B1","2025","前期"
"3792","田中豪","ﾂﾖｼ","京","B1","2025","前期"
"3793","高橋真吾","ｼﾝｺﾞ","玉","B1","2025","前期"
"3796","長野道臣","ﾐﾁｵ","岡","B1","2025","前期"
"3797","岩井繁","ｼｹﾞﾙ","島","B1","2025","前期"
"3800","牧宏次","ｳｼﾞ","京","B1","2025","前期"
"3801","五反田忍","ﾀﾞ ｼﾉﾌﾞ","阪","B1","2025","前期"
"3802","森岡まき","ﾏｷ","山","B1","2025","前期"
"3804","中渡修作","ﾘ ｼｭｳｻｸ","岡","B1","2025","前期"
"3805","高橋英之","ﾋﾃﾞﾕｷ","京","B1","2025","前期"
"3807","岡部哲","ｻﾄｼ","玉","B1","2025","前期"
"3808","秋田健太郎","ｹﾝﾀﾛｳ","玉","B1","2025","前期"
"3809","吉田光","ﾐﾂﾙ","賀","B1","2025","前期"
"3811","石田章央","ｱｷﾋﾛ","岡","B1","2025","前期"
"3812","山崎聖司","ｷ ｾｲｼﾞ","京","B1","2025","前期"
"3813","佐藤大介","ﾀﾞｲｽｹ","知","B1","2025","前期"
"3814","金子貴志","ﾀｶｼ","井","B1","2025","前期"
"3820","樫葉次郎","ｼﾞﾛｳ","島","B1","2025","前期"
"3822","平尾崇典","ﾀｶﾉﾘ","山","B1","2025","前期"
"3825","宮嵜隆太郎","ｷ ﾘｭｳﾀﾛｳ","岡","B1","2025","前期"
"3826","村田修次","ｼｭｳｼﾞ","京","B1","2025","前期"
"3827","今泉徹","ﾞﾐ ﾄｵﾙ","馬","B1","2025","前期"
"3828","明石正之","ﾏｻﾕｷ","庫","B1","2025","前期"
"3831","安藤裕貴","ｳ ﾋﾛﾀｶ","知","B1","2025","前期"
"3832","下田哲也","ﾃﾂﾔ","川","B1","2025","前期"
"3833","中辻博訓","ﾞ ﾋﾛﾉﾘ","井","B1","2025","前期"
"3834","細川明人","ｱｷﾄ","山","B1","2025","前期"
"3837","秋山広一","ﾋﾛｶｽﾞ","川","B1","2025","前期"
"3838","伊藤啓三","ｹｲｿﾞｳ","玉","B1","2025","前期"
"3839","川合理司","ﾏｻｼﾞ","岡","B1","2025","前期"
"3841","佐木和伸","ｶｽﾞﾉﾌﾞ","島","B1","2025","前期"
"3842","星野太郎","ﾀﾛｳ","重","B1","2025","前期"
"3843","上之晃弘","ｱｷﾋﾛ","崎","B1","2025","前期"
"3845","中谷朋子","ﾄﾓｺ","庫","B1","2025","前期"
"3848","川上聡介","ｿｳｽｹ","知","B1","2025","前期"
"3849","中岡正彦","ﾏｻﾋｺ","川","B1","2025","前期"
"3850","小川知行","ﾄﾓﾕｷ","馬","B1","2025","前期"
"3851","森田昭彦","ｱｷﾋｺ","岡","B1","2025","前期"
"3852","澤大介","ﾞｲｽｹ","重","B1","2025","前期"
"3853","岩崎正哉","ﾏｻﾔ","岡","B1","2025","前期"
"3854","吉川元浩","ﾓﾄﾋﾛ","庫","B1","2025","前期"
"3855","大熊辰弥","ﾀﾂﾔ","川","B1","2025","前期"
"3857","阿波勝哉","ﾂﾔ","京","B1","2025","前期"
"3859","多羅尾達之","ﾀﾂﾕｷ","京","B1","2025","前期"
"3860","松本浩貴","ﾋﾛｷ","玉","B1","2025","前期"
"3863","海老澤泰行","ﾜ ﾔｽﾕｷ","京","B1","2025","前期"
"3866","木山誠一","ｾｲｲﾁ","山","B1","2025","前期"
"3867","松浦勝","ﾏｻﾙ","知","B1","2025","前期"
"3868","尾形栄治","ｴｲｼﾞ","京","B1","2025","前期"
"3869","井芹大志","ﾀﾞｲｼﾞ","岡","B1","2025","前期"
"3870","寺嶋雄","ﾕｳ","井","B1","2025","前期"
"3871","池田紫乃","ｼﾉ","崎","B1","2025","前期"
"3872","岡田憲行","ﾉﾘﾕｷ","阪","B1","2025","前期"
"3873","別府昌樹","ﾟ ﾏｻｷ","島","B1","2025","前期"
"3874","山本寛久","ﾋﾛﾋｻ","山","B1","2025","前期"
"3875","廣中良一","ﾘｮｳｲﾁ","口","B1","2025","前期"
"3876","中辻崇人","ﾞ ﾀｶﾋﾄ","岡","B1","2025","前期"
"3878","胡本悟志","ﾓﾄ ｻﾄｼ","口","B1","2025","前期"
"3880","浅見宗孝","ﾑﾈﾉﾘ","玉","B1","2025","前期"
"3882","新田智彰","ﾄﾓｱｷ","阪","B1","2025","前期"
"3885","久田武","ﾀｹｼ","知","B1","2025","前期"
"3888","山本英志","ｴｲｼ","京","B1","2025","前期"
"3889","須藤隆雄","ﾀｶｵ","馬","B1","2025","前期"
"3891","谷口健一","ﾁ ｹﾝｲﾁ","井","B1","2025","前期"
"3892","草場康幸","ﾔｽﾕｷ","賀","B1","2025","前期"
"3893","汐崎正則","ｷ ﾏｻﾉﾘ","知","B1","2025","前期"
"3895","堀本裕也","ﾕｳﾔ","知","B1","2025","前期"
"3896","上田洋平","ﾖｳﾍｲ","賀","B1","2025","前期"
"3897","白井英治","ｴｲｼﾞ","口","B1","2025","前期"
"3898","平田忠則","ﾀﾀﾞﾉﾘ","岡","B1","2025","前期"
"3900","香川素子","ﾓﾄｺ","賀","B1","2025","前期"
"3901","松田憲幸","ﾉﾘﾕｷ","口","B1","2025","前期"
"3902","蜷川哲平","ﾜ ﾃｯﾍﾟｲ","京","B1","2025","前期"
"3904","森貴洋","ｶﾋﾛ","阪","B1","2025","前期"
"3905","天野友和","ﾄﾓｶｽﾞ","知","B1","2025","前期"
"3906","飯山晃三","ｺｳｿﾞｳ","崎","B1","2025","前期"
"3907","村越篤","ｱﾂｼ","川","B1","2025","前期"
"3908","重成一人","ﾘ ｶｽﾞﾋﾄ","川","B1","2025","前期"
"3909","佐木康幸","ﾔｽﾕｷ","岡","B1","2025","前期"
"3910","松下知幸","ﾄﾓﾕｷ","川","B1","2025","前期"
"3911","鈴木猛","ﾀｹｼ","京","B1","2025","前期"
"3912","川原正明","ﾏｻｱｷ","井","B1","2025","前期"
"3915","繁野谷圭介","ﾔ ｹｲｽｹ","阪","B1","2025","前期"
"3918","深井利寿","ﾄｼﾋｻ","賀","B1","2025","前期"
"3920","正木聖賢","ｾｲｹﾝ","島","B1","2025","前期"
"3921","川村正輝","ﾏｻｷ","井","B1","2025","前期"
"3922","菅沼佳昭","ﾏ ﾖｼｱｷ","知","B1","2025","前期"
"3928","林恵祐","ｹｲｽｹ","岡","B1","2025","前期"
"3929","杢野誓良","ﾁｶﾖｼ","知","B1","2025","前期"
"3930","岸本隆","ﾀｶｼ","山","B1","2025","前期"
"3931","黒崎竜也","ﾀﾂﾔ","重","B1","2025","前期"
"3932","池田浩美","ﾋﾛﾐ","岡","B1","2025","前期"
"3933","山地正樹","ﾏｻｷ","山","B1","2025","前期"
"3934","鋤柄貴俊","ﾗ ﾀｶﾄｼ","知","B1","2025","前期"
"3935","岩津徹郎","ﾃﾂﾛｳ","山","B1","2025","前期"
"3939","渡辺真至","ﾞ ﾏｻｼ","知","B1","2025","前期"
"3940","飯山泰","ﾔｽｼ","京","B1","2025","前期"
"3941","池田浩二","ｺｳｼﾞ","知","B1","2025","前期"
"3942","寺田祥","ｼｮｳ","口","B1","2025","前期"
"3943","三松直美","ﾅｵﾐ","山","B1","2025","前期"
"3944","山口裕二","ﾁ ﾕｳｼﾞ","崎","B1","2025","前期"
"3945","橋口真樹","ﾁ ﾏｷ","知","B1","2025","前期"
"3946","赤岩善生","ﾖｼｵ","知","B1","2025","前期"
"3947","寺本昇平","ｼｮｳﾍｲ","馬","B1","2025","前期"
"3948","大町利克","ﾄｼｶﾂ","阪","B1","2025","前期"
"3949","今出晋二","ｼﾝｼﾞ","山","B1","2025","前期"
"3950","石川哲秀","ﾃｯｼｭｳ","阪","B1","2025","前期"
"3951","石川吉鎬","ﾖｼﾀｶ","阪","B1","2025","前期"
"3952","中澤和志","ﾜ ｶｽﾞｼ","玉","B1","2025","前期"
"3953","志道吉和","ﾖｼｶｽﾞ","岡","B1","2025","前期"
"3955","眞田英二","ｴｲｼﾞ","島","B1","2025","前期"
"3956","横澤剛治","ﾜ ｺｳｼﾞ","岡","B1","2025","前期"
"3957","大谷直弘","ﾅｵﾋﾛ","知","B1","2025","前期"
"3959","坪井康晴","ﾔｽﾊﾙ","岡","B1","2025","前期"
"3960","菊地孝平","ｺｳﾍｲ","岡","B1","2025","前期"
"3961","谷村一哉","ｶｽﾞﾔ","口","B1","2025","前期"
"3963","原田秀弥","ﾋﾃﾞﾔ","阪","B1","2025","前期"
"3964","宮地博士","ﾋﾛｼ","崎","B1","2025","前期"
"3965","北中元樹","ｹﾞﾝｷ","賀","B1","2025","前期"
"3966","作間章","ｱｷﾗ","京","B1","2025","前期"
"3967","鈴木茂高","ｼｹﾞﾀｶ","知","B1","2025","前期"
"3968","茶谷信次","ｼﾝｼﾞ","賀","B1","2025","前期"
"3973","崎利仁","ｼﾋﾄ","馬","B1","2025","前期"
"3974","深山祐二","ﾕｳｼﾞ","賀","B1","2025","前期"
"3975","小野寺智洋","ﾗ ﾄﾓﾋﾛ","川","B1","2025","前期"
"3976","内田圭","ｹｲ","口","B1","2025","前期"
"3977","山本兼士","ｹﾝｼﾞ","阪","B1","2025","前期"
"3978","齊藤仁","ｼﾞﾝ","京","B1","2025","前期"
"3981","今坂晃広","ｱｷﾋﾛ","岡","B1","2025","前期"
"3982","福田理","ｵｻﾑ","山","B1","2025","前期"
"3983","須藤博倫","ﾋﾛﾐﾁ","玉","B1","2025","前期"
"3984","坂口周","ﾁ ﾒｸﾞﾙ","重","B1","2025","前期"
"3986","沖島広和","ﾋﾛｶｽﾞ","岡","B1","2025","前期"
"3987","後藤正宗","ﾏｻﾑﾈ","岡","B1","2025","前期"
"3988","古川誠之","ﾏｻﾕｷ","知","B1","2025","前期"
"3989","熊本英一","ｴｲｲﾁ","賀","B1","2025","前期"
"3990","芹澤克彦","ﾜ ｶﾂﾋｺ","岡","B1","2025","前期"
"3992","関口智久","ﾁ ﾄﾓﾋｻ","玉","B1","2025","前期"
"3993","永井聖美","ﾏｻﾐ","京","B1","2025","前期"
"3994","小野桜","ｸﾗ","賀","B1","2025","前期"
"3995","重野哲之","ｻﾄｼ","岡","B1","2025","前期"
"3997","北村征嗣","ｾｲｼﾞ","阪","B1","2025","前期"
"3998","冨成謙児","ｹﾝｼﾞ","賀","B1","2025","前期"
"3999","大瀧明日香","ｱｽｶ","知","B1","2025","前期"
"4000","松本博昭","ﾋﾛｱｷ","島","B1","2025","前期"
"4002","古結宏","ﾋﾛｼ","庫","B1","2025","前期"
"4003","表憲一","ｹﾝｲﾁ","井","B1","2025","前期"
"4004","山本浩輔","ｺｳｽｹ","崎","B1","2025","前期"
"4005","瀬川公則","ﾏｻﾉﾘ","口","B1","2025","前期"
"4006","小野勇作","ｳｻｸ","賀","B1","2025","前期"
"4007","榮田将彦","ﾞ ﾏｻﾋｺ","口","B1","2025","前期"
"4009","小林一樹","ｼ ｶｽﾞｷ","口","B1","2025","前期"
"4010","越智照浩","ｷﾋﾛ","川","B1","2025","前期"
"4011","堀之内紀代子","ﾁ ｷﾖｺ","山","B1","2025","前期"
"4012","中村有裕","ﾕｳｽｹ","賀","B1","2025","前期"
"4013","中島孝平","ﾏ ｺｳﾍｲ","井","B1","2025","前期"
"4014","片岡恵里","ｴﾘ","口","B1","2025","前期"
"4015","前野竜一","ﾘｮｳｲﾁ","口","B1","2025","前期"
"4016","西川新太郎","ｼﾝﾀﾛｳ","知","B1","2025","前期"
"4017","向井美鈴","ﾐｽｽﾞ","口","B1","2025","前期"
"4019","笠原亮","ﾘｮｳ","岡","B1","2025","前期"
"4020","川上清人","ｷﾖﾄ","川","B1","2025","前期"
"4022","待鳥雄紀","ﾘ ﾕｳｷ","岡","B1","2025","前期"
"4023","柴田友和","ﾄﾓｶｽﾞ","岡","B1","2025","前期"
"4024","井口佳典","ﾖｼﾉﾘ","重","B1","2025","前期"
"4025","山本隆幸","ﾀｶﾕｷ","庫","B1","2025","前期"
"4027","松江秀徳","ﾋﾃﾞﾉﾘ","賀","B1","2025","前期"
"4028","田村隆信","ﾀｶﾉﾌﾞ","島","B1","2025","前期"
"4030","森高一真","ｶｽﾞﾏ","川","B1","2025","前期"
"4031","飯島誠","ﾏ ﾏｺﾄ","玉","B1","2025","前期"
"4033","伊藤将吉","ﾏｻﾖｼ","岡","B1","2025","前期"
"4034","西原明生","ｱｷｵ","川","B1","2025","前期"
"4035","杉江浩明","ﾋﾛｱｷ","知","B1","2025","前期"
"4036","金田諭","ｻﾄｼ","玉","B1","2025","前期"
"4039","村上功祐","ｺｳｽｹ","阪","B1","2025","前期"
"4040","廣瀬将亨","ﾏｻﾕｷ","庫","B1","2025","前期"
"4041","小林基樹","ｼ ﾓﾄｷ","口","B1","2025","前期"
"4042","丸岡正典","ﾏｻﾉﾘ","阪","B1","2025","前期"
"4043","桐本康臣","ﾔｽﾄﾐ","重","B1","2025","前期"
"4044","湯川浩司","ｺｳｼﾞ","阪","B1","2025","前期"
"4045","佐木裕美","ﾋﾛﾐ","口","B1","2025","前期"
"4046","谷村啓司","ｹｲｼﾞ","岡","B1","2025","前期"
"4047","吉永浩則","ﾞ ﾋﾛﾉﾘ","阪","B1","2025","前期"
"4049","荒川健太","ｹﾝﾀ","重","B1","2025","前期"
"4050","田口節子","ｾﾂｺ","山","B1","2025","前期"
"4051","清水敦揮","ｱﾂｷ","山","B1","2025","前期"
"4052","興津藍","ｱｲ","島","B1","2025","前期"
"4053","芦澤望","ﾜ ﾉｿﾞﾑ","京","B1","2025","前期"
"4054","福嶋智之","ﾄﾓﾕｷ","山","B1","2025","前期"
"4055","吉田俊彦","ﾄｼﾋｺ","庫","B1","2025","前期"
"4056","小西英輝","ﾋﾃﾞｷ","井","B1","2025","前期"
"4057","松井賢治","ｹﾝｼﾞ","庫","B1","2025","前期"
"4058","野末智一","ﾄﾓｶｽﾞ","岡","B1","2025","前期"
"4059","入澤友治","ﾜ ﾕｳｼﾞ","京","B1","2025","前期"
"4060","島田一生","ｲｯｾｲ","岡","B1","2025","前期"
"4061","萩原秀人","ﾗ ﾋﾃﾞﾄ","井","B1","2025","前期"
"4062","後藤陽介","ﾖｳｽｹ","知","B1","2025","前期"
"4063","市橋卓士","ﾀｶｼ","島","B1","2025","前期"
"4064","原田篤志","ｱﾂｼ","口","B1","2025","前期"
"4065","金田幸子","ﾕｷｺ","山","B1","2025","前期"
"4066","東本勝利","ﾓﾄ ｶﾂﾄｼ","重","B1","2025","前期"
"4067","永井源","ﾐﾅﾓﾄ","知","B1","2025","前期"
"4068","幸田智裕","ﾁﾋﾛ","岡","B1","2025","前期"
"4069","山本修一","ｼｭｳｲﾁ","山","B1","2025","前期"
"4071","古賀千晶","ﾁｱｷ","庫","B1","2025","前期"
"4072","森永淳","ﾞ ｼﾞｭﾝ","賀","B1","2025","前期"
"4073","大橋純一郎","ｼﾞｭﾝｲﾁﾛｳ","岡","B1","2025","前期"
"4074","柳沢一","ｻﾜ ﾊｼﾞﾒ","知","B1","2025","前期"
"4075","中野次郎","ｼﾞﾛｳ","京","B1","2025","前期"
"4076","杉田篤光","ﾄｸﾐﾂ","岡","B1","2025","前期"
"4077","品田直樹","ﾅｵｷ","京","B1","2025","前期"
"4078","渡辺史之","ﾞ ﾌﾐﾕｷ","馬","B1","2025","前期"
"4079","出畑孝典","ﾀ ﾀｶﾉﾘ","岡","B1","2025","前期"
"4080","山崎哲司","ｷ ﾃﾂｼﾞ","知","B1","2025","前期"
"4081","樋口範政","ﾉﾘﾏｻ","知","B1","2025","前期"
"4082","濱崎誠","ﾏｺﾄ","阪","B1","2025","前期"
"4083","福島勇樹","ﾕｳｷ","京","B1","2025","前期"
"4084","杉山正樹","ﾏ ﾏｻｷ","知","B1","2025","前期"
"4085","荻野裕介","ﾕｳｽｹ","京","B1","2025","前期"
"4086","寺本重宣","ｼｹﾞﾉﾌﾞ","京","B1","2025","前期"
"4089","妹尾忠幸","ﾀﾀﾞﾕｷ","山","B1","2025","前期"
"4090","中村尊","ﾀｹﾙ","玉","B1","2025","前期"
"4092","岡部大輔","ﾀﾞｲｽｹ","賀","B1","2025","前期"
"4093","吉田宗弘","ﾑﾈﾋﾛ","京","B1","2025","前期"
"4094","中島真二","ｼﾝｼﾞ","岡","B1","2025","前期"
"4095","福来剛","ﾂﾖｼ","京","B1","2025","前期"
"4096","石橋道友","ｼ ﾐﾁﾄﾓ","崎","B1","2025","前期"
"4097","貫地谷直人","ﾔ ﾅｵﾄ","島","B1","2025","前期"
"4098","赤澤文香","ﾜ ﾌﾐｶ","山","B1","2025","前期"
"4099","吉永則雄","ﾞ ﾉﾘｵ","阪","B1","2025","前期"
"4100","松田隆司","ﾀｶｼ","岡","B1","2025","前期"
"4102","益田啓司","ｹｲｼﾞ","岡","B1","2025","前期"
"4103","山崎善庸","ｷ ﾖｼﾉﾌﾞ","玉","B1","2025","前期"
"4104","木下陽介","ﾖｳｽｹ","京","B1","2025","前期"
"4105","松下直也","ﾅｵﾔ","庫","B1","2025","前期"
"4106","坂井康嗣","ﾔｽｼ","賀","B1","2025","前期"
"4108","吉村正明","ﾏｻｱｷ","口","B1","2025","前期"
"4109","谷津幸宏","ｷﾋﾛ","玉","B1","2025","前期"
"4110","小澤和也","ｶｽﾞﾔ","玉","B1","2025","前期"
"4111","奥田誠","ﾏｺﾄ","島","B1","2025","前期"
"4112","大久保信一郎","ﾞ ｼﾝｲﾁﾛｳ","賀","B1","2025","前期"
"4113","木村浩士","ﾋﾛｼ","馬","B1","2025","前期"
"4114","深澤達徳","ﾀﾂﾉﾘ","京","B1","2025","前期"
"4116","川田正人","ﾏｻﾄ","島","B1","2025","前期"
"4117","廣中智紗衣","ﾁｻｴ","京","B1","2025","前期"
"4118","宇佐見淳","ｼﾞｭﾝ","知","B1","2025","前期"
"4119","泥谷一毅","ｶﾂｷ","阪","B1","2025","前期"
"4120","柘植政浩","ﾏｻﾋﾛ","賀","B1","2025","前期"
"4121","富永修一","ﾞ ｼｭｳｲﾁ","岡","B1","2025","前期"
"4122","安東幸治","ｳ ｺｳｼﾞ","岡","B1","2025","前期"
"4123","細川裕子","ﾕｳｺ","知","B1","2025","前期"
"4124","池田雄一","ﾕｳｲﾁ","岡","B1","2025","前期"
"4128","川口貴久","ﾁ ﾀｶﾋｻ","京","B1","2025","前期"
"4129","宇野博之","ﾛﾕｷ","知","B1","2025","前期"
"4131","原豊土","ﾖﾄ","岡","B1","2025","前期"
"4133","高橋正男","ﾏｻｵ","庫","B1","2025","前期"
"4134","杉山貴博","ﾏ ﾀｶﾋﾛ","京","B1","2025","前期"
"4136","江夏満","ﾐﾂﾙ","岡","B1","2025","前期"
"4137","君島秀三","ﾏ ｼｭｳｿﾞｳ","賀","B1","2025","前期"
"4138","中井俊祐","ｼｭﾝｽｹ","阪","B1","2025","前期"
"4139","丹下健","ﾀｹｼ","知","B1","2025","前期"
"4140","梶野学志","ﾀｶｼ","京","B1","2025","前期"
"4142","平野和明","ｶｽﾞｱｷ","知","B1","2025","前期"
"4143","浦田晃嗣","ｺｳｼﾞ","賀","B1","2025","前期"
"4144","石塚久也","ｶ ﾋｻﾔ","玉","B1","2025","前期"
"4145","小澤学","ﾏﾅﾌﾞ","京","B1","2025","前期"
"4146","柳橋宏紀","ﾊﾞｼ ﾋﾛｷ","賀","B1","2025","前期"
"4148","枝尾賢","ﾏｻﾙ","岡","B1","2025","前期"
"4150","山田雄太","ﾕｳﾀ","岡","B1","2025","前期"
"4151","下河誉史","ﾜ ﾀｶﾌﾐ","岡","B1","2025","前期"
"4152","深水慎一郎","ﾞ ｼﾝｲﾁﾛｳ","京","B1","2025","前期"
"4154","森安弘雅","ﾋﾛﾏｻ","川","B1","2025","前期"
"4155","長野壮志郎","ｿｳｼﾛｳ","岡","B1","2025","前期"
"4156","浜野孝志","ﾀｶｼ","重","B1","2025","前期"
"4158","木場雄二郎","ﾕｳｼﾞﾛｳ","口","B1","2025","前期"
"4159","向後龍一","ﾘｭｳｲﾁ","玉","B1","2025","前期"
"4161","黒柳浩孝","ｷﾞ ﾋﾛﾀｶ","知","B1","2025","前期"
"4162","竹本太樹","ﾀｲｼﾞｭ","阪","B1","2025","前期"
"4163","山崎裕司","ﾕｳｼﾞ","島","B1","2025","前期"
"4164","岩永節也","ﾞ ｾﾂﾔ","崎","B1","2025","前期"
"4166","吉田拡郎","ｶｸﾛｳ","山","B1","2025","前期"
"4167","片岡秀樹","ﾋﾃﾞｷ","島","B1","2025","前期"
"4168","石野貴之","ﾀｶﾕｷ","阪","B1","2025","前期"
"4169","多田有佑","ﾕｳｽｹ","京","B1","2025","前期"
"4171","榎幸司","ｺｳｼﾞ","崎","B1","2025","前期"
"4172","森定晃史","ﾞ ｺｳｼﾞ","山","B1","2025","前期"
"4173","岡谷健吾","ｹﾝｺﾞ","島","B1","2025","前期"
"4174","赤坂俊輔","ｼｭﾝｽｹ","崎","B1","2025","前期"
"4175","川尻泰輔","ﾀｲｽｹ","玉","B1","2025","前期"
"4176","樋口喜彦","ﾖｼﾋｺ","庫","B1","2025","前期"
"4177","萬正嗣","ﾏｻﾂｸﾞ","馬","B1","2025","前期"
"4179","広次修","ﾞ ｵｻﾑ","口","B1","2025","前期"
"4180","上野秀和","ﾋﾃﾞｶｽﾞ","岡","B1","2025","前期"
"4181","花本夏樹","ﾅﾂｷ","重","B1","2025","前期"
"4182","吉田和仁","ｶｽﾞﾋﾄ","賀","B1","2025","前期"
"4183","宇野弥生","ﾖｲ","知","B1","2025","前期"
"4184","渡邊雄一郎","ﾞ ﾕｳｲﾁﾛｳ","阪","B1","2025","前期"
"4186","小川時光","ﾄｷﾐﾂ","玉","B1","2025","前期"
"4188","久田敏之","ﾄｼﾕｷ","馬","B1","2025","前期"
"4189","川上剛","ﾀｹｼ","岡","B1","2025","前期"
"4190","長嶋万記","ﾏ ﾏｷ","岡","B1","2025","前期"
"4191","赤羽克也","ｶﾂﾔ","玉","B1","2025","前期"
"4193","郷原章平","ﾗ ｼｮｳﾍｲ","岡","B1","2025","前期"
"4195","前川守嗣","ﾓﾘﾂｸﾞ","岡","B1","2025","前期"
"4196","田中太一郎","ﾀｲﾁﾛｳ","賀","B1","2025","前期"
"4197","渥美卓郎","ﾀｸﾛｳ","岡","B1","2025","前期"
"4199","北川潤二","ﾜ ｼﾞｭﾝｼﾞ","知","B1","2025","前期"
"4200","早川尚人","ﾋｻﾄ","阪","B1","2025","前期"
"4201","佐竹友樹","ﾕｳｷ","玉","B1","2025","前期"
"4202","浮田圭浩","ﾖｼﾋﾛ","山","B1","2025","前期"
"4203","小倉康典","ﾔｽﾉﾘ","馬","B1","2025","前期"
"4204","柴田大輔","ﾀﾞｲｽｹ","岡","B1","2025","前期"
"4205","山口剛","ﾁ ﾂﾖｼ","島","B1","2025","前期"
"4207","松下一也","ｶｽﾞﾔ","岡","B1","2025","前期"
"4208","三浦永理","ｴﾘ","岡","B1","2025","前期"
"4209","藤田竜弘","ﾀﾂﾋﾛ","岡","B1","2025","前期"
"4210","松村康太","ｺｳﾀ","井","B1","2025","前期"
"4211","村田敦","ｱﾂｼ","京","B1","2025","前期"
"4213","重富伸也","ﾐ ｼﾝﾔ","崎","B1","2025","前期"
"4214","林祐介","ﾕｳｽｹ","山","B1","2025","前期"
"4215","吉島祥之","ﾏ ﾖｼﾕｷ","知","B1","2025","前期"
"4216","星栄爾","ｲｼﾞ","岡","B1","2025","前期"
"4218","吉川喜継","ﾖｼﾂｸﾞ","賀","B1","2025","前期"
"4219","本岡勝利","ｶﾂﾄｼ","島","B1","2025","前期"
"4220","深川和仁","ﾜ ｶｽﾞﾋﾄ","川","B1","2025","前期"
"4224","大橋栄里佳","ｴﾘｶ","岡","B1","2025","前期"
"4225","土屋千明","ﾁｱｷ","馬","B1","2025","前期"
"4226","村田浩司","ｺｳｼﾞ","口","B1","2025","前期"
"4227","安達裕樹","ﾕｳｷ","重","B1","2025","前期"
"4228","吉田慎二郎","ｼﾝｼﾞﾛｳ","知","B1","2025","前期"
"4229","市川美宏","ﾖｼﾋﾛ","岡","B1","2025","前期"
"4230","濱崎直矢","ﾅｵﾔ","玉","B1","2025","前期"
"4231","鈴木裕隆","ﾋﾛﾀｶ","知","B1","2025","前期"
"4232","笠雅雄","ﾏｻｵ","岡","B1","2025","前期"
"4233","亀山雅幸","ﾏｻﾕｷ","馬","B1","2025","前期"
"4234","野相弘司","ﾋﾛｼ","岡","B1","2025","前期"
"4236","松村敏","ｻﾄｼ","岡","B1","2025","前期"
"4237","大峯豊","ﾕﾀｶ","口","B1","2025","前期"
"4238","毒島誠","ﾞﾏ ﾏｺﾄ","馬","B1","2025","前期"
"4239","竹田辰也","ﾀﾂﾔ","口","B1","2025","前期"
"4240","今井裕梨","ﾕﾘ","馬","B1","2025","前期"
"4241","大串重幸","ｼ ｼｹﾞﾕｷ","崎","B1","2025","前期"
"4243","西村歩","ｱﾕﾐ","阪","B1","2025","前期"
"4244","鈴木成美","ﾅﾙﾐ","岡","B1","2025","前期"
"4245","高橋直哉","ﾅｵﾔ","京","B1","2025","前期"
"4246","喜多那由夏","ﾕｶ","岡","B1","2025","前期"
"4247","齊藤優","ﾕｳ","島","B1","2025","前期"
"4248","岡本大","ﾌﾄｼ","崎","B1","2025","前期"
"4251","川崎誠志","ｾｲｼﾞ","口","B1","2025","前期"
"4252","松下哲也","ﾃﾂﾔ","岡","B1","2025","前期"
"4253","西川真人","ﾏｻﾄ","賀","B1","2025","前期"
"4254","川島圭司","ｹｲｼﾞ","賀","B1","2025","前期"
"4256","渡辺浩司","ﾞ ｺｳｼﾞ","岡","B1","2025","前期"
"4257","古川健","ｹﾝ","島","B1","2025","前期"
"4258","関根彰人","ｱｷﾋﾄ","玉","B1","2025","前期"
"4259","真庭明志","ﾋﾛｼ","崎","B1","2025","前期"
"4260","中越博紀","ｼ ﾋﾛｷ","川","B1","2025","前期"
"4261","岡祐臣","ｳｼﾝ","重","B1","2025","前期"
"4262","馬場貴也","ﾖｼﾔ","賀","B1","2025","前期"
"4263","武重雄介","ﾞ ﾕｳｽｹ","口","B1","2025","前期"
"4264","長尾章平","ｼｮｳﾍｲ","口","B1","2025","前期"
"4266","長田頼宗","ﾖﾘﾑﾈ","京","B1","2025","前期"
"4268","和合俊介","ｼｭﾝｽｹ","岡","B1","2025","前期"
"4269","杉山裕也","ﾏ ﾋﾛﾅﾘ","知","B1","2025","前期"
"4270","岸本雄貴","ﾕｳｷ","重","B1","2025","前期"
"4271","川崎公靖","ｷﾐﾔｽ","島","B1","2025","前期"
"4272","大場広孝","ﾋﾛﾀｶ","岡","B1","2025","前期"
"4273","佐藤旭","ｱｷﾗ","岡","B1","2025","前期"
"4274","長畑友輔","ﾀ ﾕｳｽｹ","京","B1","2025","前期"
"4275","菅野はやか","ﾊﾔｶ","島","B1","2025","前期"
"4276","鈴木勝博","ｶﾂﾋﾛ","知","B1","2025","前期"
"4277","金田大輔","ﾀﾞｲｽｹ","山","B1","2025","前期"
"4278","藤岡俊介","ｶ ｼｭﾝｽｹ","庫","B1","2025","前期"
"4281","大澤大夢","ﾋﾛﾑ","玉","B1","2025","前期"
"4283","石井裕美","ﾋﾛﾐ","京","B1","2025","前期"
"4286","平田さやか","ｻﾔｶ","京","B1","2025","前期"
"4287","今井貴士","ﾀｶｼ","岡","B1","2025","前期"
"4288","永田啓二","ｹｲｼﾞ","岡","B1","2025","前期"
"4289","落合直子","ﾅｵｺ","阪","B1","2025","前期"
"4290","稲田浩二","ｺｳｼﾞ","庫","B1","2025","前期"
"4292","麻生慎介","ｼﾝｽｹ","島","B1","2025","前期"
"4293","鈴木智啓","ﾄﾓﾋﾛ","知","B1","2025","前期"
"4294","古賀繁輝","ｼｹﾞｷ","賀","B1","2025","前期"
"4295","小坂尚哉","ﾅｵﾔ","庫","B1","2025","前期"
"4296","岡崎恭裕","ｷ ﾔｽﾋﾛ","岡","B1","2025","前期"
"4297","山田哲也","ﾃﾂﾔ","京","B1","2025","前期"
"4298","宮下元胤","ﾓﾄﾂｸﾞ","知","B1","2025","前期"
"4299","中島浩哉","ﾋﾛﾔ","崎","B1","2025","前期"
"4300","加藤綾","ｱﾔ","重","B1","2025","前期"
"4301","関裕也","ｳﾔ","岡","B1","2025","前期"
"4302","西野翔太","ｼｮｳﾀ","島","B1","2025","前期"
"4303","牧原崇","ﾀｶｼ","知","B1","2025","前期"
"4304","藤崎小百合","ｷ ｻﾕﾘ","岡","B1","2025","前期"
"4305","金子拓矢","ﾀｸﾔ","馬","B1","2025","前期"
"4306","畔柳俊吾","ｷﾞ ｼｭﾝｺﾞ","知","B1","2025","前期"
"4308","河村了","ﾘｮｳ","知","B1","2025","前期"
"4311","岡村仁","ﾏｻｼ","阪","B1","2025","前期"
"4313","西村美智子","ﾐﾁｺ","川","B1","2025","前期"
"4314","青木幸太郎","ｺｳﾀﾛｳ","岡","B1","2025","前期"
"4315","山崎昂介","ｺｳｽｹ","崎","B1","2025","前期"
"4317","木村紗友希","ｻﾕｷ","岡","B1","2025","前期"
"4318","桑原将光","ﾗ ﾏｻﾐﾂ","京","B1","2025","前期"
"4319","三宅潤","ｼﾞｭﾝ","阪","B1","2025","前期"
"4320","峰竜太","ｭｳﾀ","賀","B1","2025","前期"
"4323","山田佑樹","ﾕｳｷ","山","B1","2025","前期"
"4324","海野康志郎","ｺｳｼﾛｳ","口","B1","2025","前期"
"4325","新出浩司","ｺｳｼﾞ","阪","B1","2025","前期"
"4327","加藤翔","ｼｮｳ","岡","B1","2025","前期"
"4329","小松卓司","ﾀｸｼﾞ","岡","B1","2025","前期"
"4330","奈須啓太","ｲﾀ","岡","B1","2025","前期"
"4331","三好勇人","ﾊﾔﾄ","川","B1","2025","前期"
"4332","村上彰一","ｼｮｳｲﾁ","岡","B1","2025","前期"
"4335","若林将","ﾔｼ ｼｮｳ","京","B1","2025","前期"
"4336","松田竜馬","ﾀﾂﾏ","岡","B1","2025","前期"
"4337","平本真之","ﾏｻﾕｷ","知","B1","2025","前期"
"4339","平瀬城啓","ｸﾆﾋﾛ","井","B1","2025","前期"
"4340","土性雅也","ｳ ﾏｻﾔ","重","B1","2025","前期"
"4342","谷野錬志","ﾝｼ","岡","B1","2025","前期"
"4343","村岡賢","ｹﾝ","島","B1","2025","前期"
"4344","新田雄史","ﾕｳｼ","重","B1","2025","前期"
"4345","西舘健","ﾃ ｹﾝ","京","B1","2025","前期"
"4346","前田健太郎","ｹﾝﾀﾛｳ","岡","B1","2025","前期"
"4347","魚谷香織","ｶｵﾘ","岡","B1","2025","前期"
"4348","宮崎奨","ｷ ｽｽﾑ","川","B1","2025","前期"
"4349","犬童千秋","ｳ ﾁｱｷ","岡","B1","2025","前期"
"4350","篠崎元志","ｷ ﾓﾄｼ","岡","B1","2025","前期"
"4351","里岡右貴","ﾕｳｷ","岡","B1","2025","前期"
"4352","下條雄太郎","ｮｳ ﾕｳﾀﾛｳ","崎","B1","2025","前期"
"4355","小川広大","ｺｳﾀﾞｲ","岡","B1","2025","前期"
"4356","長岡良也","ｶ ﾘｮｳﾔ","庫","B1","2025","前期"
"4357","田中和也","ｶｽﾞﾔ","阪","B1","2025","前期"
"4358","松本庸平","ﾖｳﾍｲ","重","B1","2025","前期"
"4359","横川聖志","ﾜ ｻﾄｼ","島","B1","2025","前期"
"4360","庄司孝輔","ﾞ ｺｳｽｹ","岡","B1","2025","前期"
"4361","柳生泰二","ｳ ﾀｲｼﾞ","口","B1","2025","前期"
"4362","土屋智則","ﾄﾓﾉﾘ","馬","B1","2025","前期"
"4363","大野芳顕","ﾖｼｱｷ","岡","B1","2025","前期"
"4364","池永太","ﾞ ﾌﾄｼ","岡","B1","2025","前期"
"4365","盛本真輔","ｼﾝｽｹ","庫","B1","2025","前期"
"4366","前沢丈史","ﾜ ﾀｹｼ","京","B1","2025","前期"
"4367","山口修路","ﾁ ｼｭｳｼﾞ","岡","B1","2025","前期"
"4368","山口隆史","ﾁ ﾀｶﾌﾐ","岡","B1","2025","前期"
"4369","丹下将","ﾀﾓﾂ","知","B1","2025","前期"
"4370","山口達也","ﾁ ﾀﾂﾔ","山","B1","2025","前期"
"4371","西山貴浩","ﾀｶﾋﾛ","岡","B1","2025","前期"
"4372","原田佑実","ﾕﾐ","阪","B1","2025","前期"
"4373","若狭奈美子","ﾅﾐｺ","山","B1","2025","前期"
"4374","永田義紘","ﾖｼﾋﾛ","島","B1","2025","前期"
"4375","照屋厚仁","ｱﾂﾋﾄ","庫","B1","2025","前期"
"4376","藤田靖弘","ﾔｽﾋﾛ","岡","B1","2025","前期"
"4377","濱本優一","ﾕｳｲﾁ","阪","B1","2025","前期"
"4379","桑島和宏","ﾏ ｶｽﾞﾋﾛ","京","B1","2025","前期"
"4380","鈴木峻佑","ｼｭﾝｽｹ","岡","B1","2025","前期"
"4381","田路朋史","ﾄﾓﾋﾄ","庫","B1","2025","前期"
"4382","高山智至","ｻﾄｼ","賀","B1","2025","前期"
"4383","竹田吉行","ﾖｼﾕｷ","島","B1","2025","前期"
"4384","鶴本崇文","ﾀｶﾌﾐ","阪","B1","2025","前期"
"4385","鈴木祐美子","ﾕﾐｺ","重","B1","2025","前期"
"4387","平山智加","ﾁｶ","川","B1","2025","前期"
"4388","是澤孝宏","ﾀｶﾋﾛ","賀","B1","2025","前期"
"4389","伊藤喜智","ﾖｼﾄﾓ","阪","B1","2025","前期"
"4390","松本弓雄","ﾕﾐｵ","島","B1","2025","前期"
"4391","松田祐季","ﾕｳｷ","井","B1","2025","前期"
"4393","田中孝明","ﾀｶｱｷ","岡","B1","2025","前期"
"4394","永嶋裕一","ﾏ ﾕｳｲﾁ","岡","B1","2025","前期"
"4395","下河雅史","ﾜ ﾏｻﾌﾐ","岡","B1","2025","前期"
"4396","大田直弥","ﾅｵﾔ","口","B1","2025","前期"
"4397","西村拓也","ﾀｸﾔ","阪","B1","2025","前期"
"4398","船岡洋一郎","ﾖｳｲﾁﾛｳ","島","B1","2025","前期"
"4399","松本晶恵","ｱｷｴ","馬","B1","2025","前期"
"4400","加藤奈月","ﾅﾂｷ","井","B1","2025","前期"
"4401","小林泰","ｼ ﾔｽｼ","京","B1","2025","前期"
"4402","乙藤智史","ﾞ ｻﾄｼ","岡","B1","2025","前期"
"4403","木下大將","ﾀﾞｲｽｹ","岡","B1","2025","前期"
"4404","岸蔭亮","ﾞ ｱｷﾗ","庫","B1","2025","前期"
"4405","南野利騰","ﾄｼﾀｶ","井","B1","2025","前期"
"4406","幸野史明","ﾌﾐｱｷ","岡","B1","2025","前期"
"4407","鹿島敏弘","ﾄｼﾋﾛ","馬","B1","2025","前期"
"4408","仁科さやか","ｻﾔｶ","崎","B1","2025","前期"
"4409","坂元浩仁","ﾋﾛﾋﾄ","知","B1","2025","前期"
"4410","井上大輔","ﾀﾞｲｽｹ","山","B1","2025","前期"
"4411","沢田昭宏","ｱｷﾋﾛ","阪","B1","2025","前期"
"4413","水摩敦","ｱﾂｼ","岡","B1","2025","前期"
"4414","大澤真菜","ﾏﾅ","京","B1","2025","前期"
"4415","下出卓矢","ﾀｸﾔ","井","B1","2025","前期"
"4416","三宅健太","ｹﾝﾀ","島","B1","2025","前期"
"4417","服部剛","ﾂﾖｼ","岡","B1","2025","前期"
"4418","茅原悠紀","ﾕｳｷ","山","B1","2025","前期"
"4419","原加央理","ｵﾘ","玉","B1","2025","前期"
"4420","津久井拓也","ﾀｸﾔ","馬","B1","2025","前期"
"4421","森作広大","ｺｳﾀ","京","B1","2025","前期"
"4422","永井亮次","ﾘｮｳｼﾞ","阪","B1","2025","前期"
"4423","坂口貴彦","ﾁ ﾀｶﾋｺ","山","B1","2025","前期"
"4424","松尾昂明","ﾀｶｱｷ","岡","B1","2025","前期"
"4425","大井清貴","ｷﾖｷ","口","B1","2025","前期"
"4427","秦英悟","ｲｺﾞ","阪","B1","2025","前期"
"4428","有賀達也","ﾀﾂﾔ","玉","B1","2025","前期"
"4429","豊田泰洋","ﾔｽﾋﾛ","島","B1","2025","前期"
"4430","永田秀二","ｼｭｳｼﾞ","京","B1","2025","前期"
"4431","石塚裕介","ｶ ﾕｳｽｹ","重","B1","2025","前期"
"4432","黄金井力良","ｲ ﾘｷﾗ","玉","B1","2025","前期"
"4433","川野芽唯","ﾒｲ","岡","B1","2025","前期"
"4434","田中辰彦","ﾀﾂﾋｺ","島","B1","2025","前期"
"4435","服部達哉","ﾀﾂﾔ","知","B1","2025","前期"
"4436","渋谷明憲","ｱｷﾉﾘ","阪","B1","2025","前期"
"4437","中田元泰","ｹﾞﾝﾀ","川","B1","2025","前期"
"4438","森作雄大","ﾕｳﾀ","京","B1","2025","前期"
"4439","近藤友宝","ｳ ﾄﾓﾀｶ","玉","B1","2025","前期"
"4440","萩原知哉","ﾗ ﾄﾓﾔ","京","B1","2025","前期"
"4441","末永由楽","ﾞ ﾕﾗｸ","山","B1","2025","前期"
"4442","松竹大輔","ﾀﾞｲｽｹ","知","B1","2025","前期"
"4443","津田裕絵","ﾋﾛｴ","口","B1","2025","前期"
"4444","桐生順平","ｼﾞｭﾝﾍﾟｲ","玉","B1","2025","前期"
"4445","宮地元輝","ﾓﾄｷ","賀","B1","2025","前期"
"4446","和田兼輔","ｹﾝｽｹ","庫","B1","2025","前期"
"4447","深川麻奈美","ﾜ ﾏﾅﾐ","岡","B1","2025","前期"
"4448","青木玄太","ｹﾞﾝﾀ","賀","B1","2025","前期"
"4449","中嶋達也","ﾏ ﾀﾂﾔ","庫","B1","2025","前期"
"4450","平高奈菜","ﾅﾅ","川","B1","2025","前期"
"4451","松崎祐太郎","ｷ ﾕｳﾀﾛｳ","岡","B1","2025","前期"
"4452","松尾祭","ﾏﾂﾘ","川","B1","2025","前期"
"4456","鎌倉涼","ﾘｮｳ","阪","B1","2025","前期"
"4457","神田達也","ﾀﾂﾔ","知","B1","2025","前期"
"4458","抹香雄三","ﾕｳｿﾞｳ","島","B1","2025","前期"
"4459","片岡雅裕","ﾏｻﾋﾛ","川","B1","2025","前期"
"4460","後藤翔之","ｼｮｳｼ","京","B1","2025","前期"
"4461","安田吉宏","ﾖｼﾋﾛ","重","B1","2025","前期"
"4462","夏山亮平","ﾘｮｳﾍｲ","阪","B1","2025","前期"
"4463","三苫晃幸","ﾃﾙﾕｷ","岡","B1","2025","前期"
"4464","山下友貴","ﾕｳｷ","岡","B1","2025","前期"
"4465","大西賢","ｹﾝ","京","B1","2025","前期"
"4466","南佑典","ﾕｳｽｹ","重","B1","2025","前期"
"4467","渡邉俊介","ﾞ ｼｭﾝｽｹ","知","B1","2025","前期"
"4468","大池佑来","ﾕｳｷ","京","B1","2025","前期"
"4469","土山卓也","ﾀｸﾔ","井","B1","2025","前期"
"4470","平田健之佑","ｹﾝﾉｽｹ","重","B1","2025","前期"
"4471","新田泰章","ﾔｽｱｷ","島","B1","2025","前期"
"4472","尾嶋一広","ｶｽﾞﾋﾛ","庫","B1","2025","前期"
"4473","藤堂里香","ｳ ﾘｶ","井","B1","2025","前期"
"4474","渡辺崇","ﾞ ﾀｶｼ","岡","B1","2025","前期"
"4475","末永祐輝","ﾞ ﾕｳｷ","口","B1","2025","前期"
"4477","篠崎仁志","ｷ ﾋﾄｼ","岡","B1","2025","前期"
"4478","櫻本あゆみ","ﾄ ｱﾕﾐ","馬","B1","2025","前期"
"4479","矢野真梨菜","ﾘﾅ","口","B1","2025","前期"
"4482","守屋美穂","ﾐﾎ","山","B1","2025","前期"
"4483","北野輝季","ﾃﾙｷ","知","B1","2025","前期"
"4484","稲生夏季","ﾅﾂｷ","京","B1","2025","前期"
"4485","楠原正剛","ﾏｻﾀｶ","岡","B1","2025","前期"
"4486","野村誠","ﾏｺﾄ","馬","B1","2025","前期"
"4487","三原司","ﾂｶｻ","岡","B1","2025","前期"
"4488","小山勉","ﾂﾄﾑ","玉","B1","2025","前期"
"4489","岩川仁士","ﾋﾄｼ","阪","B1","2025","前期"
"4491","田中堅","ｹﾝ","馬","B1","2025","前期"
"4492","本多宏和","ﾋﾛｶｽﾞ","知","B1","2025","前期"
"4494","河合佑樹","ﾕｳｷ","岡","B1","2025","前期"
"4495","森晋太郎","ﾝﾀﾛｳ","岡","B1","2025","前期"
"4496","内堀学","ﾘ ﾏﾅﾌﾞ","京","B1","2025","前期"
"4497","桑原悠","ﾕｳ","崎","B1","2025","前期"
"4498","宮本夏樹","ﾅﾂｷ","崎","B1","2025","前期"
"4499","滝川真由子","ﾏﾕｺ","崎","B1","2025","前期"
"4500","山田康二","ｺｳｼﾞ","賀","B1","2025","前期"
"4501","樋口由加里","ﾕｶﾘ","山","B1","2025","前期"
"4502","遠藤","ｳ ｴﾐ","賀","B1","2025","前期"
"4503","上野真之介","ｼﾝﾉｽｹ","賀","B1","2025","前期"
"4504","前田将太","ｼｮｳﾀ","岡","B1","2025","前期"
"4505","島田賢人","ｹﾝﾄ","玉","B1","2025","前期"
"4506","稗田聖也","ｾｲﾔ","岡","B1","2025","前期"
"4508","野間大樹","ﾞｲｷ","阪","B1","2025","前期"
"4509","平見真彦","ﾏｻﾋｺ","知","B1","2025","前期"
"4510","坂本奈央","ﾅｵ","岡","B1","2025","前期"
"4511","中岡健人","ｹﾝﾄ","川","B1","2025","前期"
"4512","高野哲史","ｻﾄｼ","庫","B1","2025","前期"
"4513","河野真也","ｼﾝﾔ","岡","B1","2025","前期"
"4514","上條嘉嗣","ｮｳ ﾖｼﾂｸﾞ","阪","B1","2025","前期"
"4515","藤田浩人","ﾋﾛﾋﾄ","賀","B1","2025","前期"
"4516","野口勝弘","ｶﾂﾋﾛ","知","B1","2025","前期"
"4518","大須賀友","ﾕｳ","知","B1","2025","前期"
"4519","清水沙樹","ｻｷ","京","B1","2025","前期"
"4520","高倉孝太","ｺｳﾀ","井","B1","2025","前期"
"4521","小池公生","ｷﾐｵ","岡","B1","2025","前期"
"4522","古澤光紀","ﾐﾂﾉﾘ","岡","B1","2025","前期"
"4523","中村辰也","ﾀﾂﾔ","崎","B1","2025","前期"
"4524","深谷知博","ﾄﾓﾋﾛ","岡","B1","2025","前期"
"4525","真子奈津実","ﾂﾐ","岡","B1","2025","前期"
"4526","池田雄祐","ﾕｳｽｹ","知","B1","2025","前期"
"4527","高野心吾","ｼﾝｺﾞ","知","B1","2025","前期"
"4528","黒井達矢","ﾀﾂﾔ","玉","B1","2025","前期"
"4529","嶋義信","ｼﾉﾌﾞ","川","B1","2025","前期"
"4530","小野生奈","ｲﾅ","岡","B1","2025","前期"
"4531","武富智亮","ﾐ ﾄﾓｱｷ","賀","B1","2025","前期"
"4532","秋元哲","ｻﾄﾙ","玉","B1","2025","前期"
"4533","峰重侑治","ﾞ ﾕｳｼﾞ","山","B1","2025","前期"
"4534","坂咲友理","ﾕﾘ","阪","B1","2025","前期"
"4535","北山康介","ｺｳｽｹ","京","B1","2025","前期"
"4536","喜井つかさ","ｶｻ","山","B1","2025","前期"
"4537","渡邉和将","ﾞ ｶｽﾞﾏｻ","山","B1","2025","前期"
"4538","笠置博之","ﾋﾛﾕｷ","阪","B1","2025","前期"
"4539","金子賢志","ｻﾄｼ","馬","B1","2025","前期"
"4540","相原利章","ﾄｼｱｷ","京","B1","2025","前期"
"4543","重木輝彦","ﾃﾙﾋｺ","庫","B1","2025","前期"
"4544","松田大志郎","ﾀｲｼﾛｳ","岡","B1","2025","前期"
"4545","岡村慶太","ｹｲﾀ","岡","B1","2025","前期"
"4546","浜田亜理沙","ｱﾘｻ","玉","B1","2025","前期"
"4547","中田竜太","ﾘｭｳﾀ","玉","B1","2025","前期"
"4548","篠木亜衣花","ｱｲｶ","重","B1","2025","前期"
"4549","小林文彦","ｼ ﾌﾐﾋｺ","岡","B1","2025","前期"
"4550","石岡将太","ｼｮｳﾀ","馬","B1","2025","前期"
"4551","三川昂暁","ﾀｶｱｷ","岡","B1","2025","前期"
"4552","杉山勝匡","ﾏ ｶﾂﾏｻ","賀","B1","2025","前期"
"4553","坪口竜也","ﾞﾁ ﾀﾂﾔ","崎","B1","2025","前期"
"4555","富永大一","ﾞ ﾀｲﾁ","岡","B1","2025","前期"
"4556","竹井奈美","ﾅﾐ","岡","B1","2025","前期"
"4557","松尾光広","ﾐﾂﾋﾛ","山","B1","2025","前期"
"4558","宮野仁","ｼﾞﾝ","山","B1","2025","前期"
"4560","庄司樹良","ﾞ ｷﾗﾗ","京","B1","2025","前期"
"4561","藤山翔大","ﾏ ｼｮｳﾀ","阪","B1","2025","前期"
"4562","阪本勇介","ﾕｳｽｹ","山","B1","2025","前期"
"4563","齋藤真之","ﾏｻﾕｷ","山","B1","2025","前期"
"4564","山本景士郎","ｹｲｼﾛｳ","島","B1","2025","前期"
"4565","西村豪洋","ﾀｹﾋﾛ","知","B1","2025","前期"
"4566","塩田北斗","ﾎｸﾄ","岡","B1","2025","前期"
"4567","上村慎太郎","ｼﾝﾀﾛｳ","口","B1","2025","前期"
"4568","廣瀬真也","ｼﾝﾔ","京","B1","2025","前期"
"4569","中澤宏奈","ﾜ ﾋﾛﾅ","京","B1","2025","前期"
"4570","前田聖文","ｷﾖﾌﾐ","知","B1","2025","前期"
"4571","菅章哉","ﾌﾐﾔ","島","B1","2025","前期"
"4572","渡部悟","ﾞ ｻﾄﾙ","阪","B1","2025","前期"
"4573","佐藤翼","ﾂﾊﾞｻ","玉","B1","2025","前期"
"4574","東潤樹","ｼﾞｭﾝｷ","島","B1","2025","前期"
"4575","戸塚邦好","ｸﾆﾖｼ","京","B1","2025","前期"
"4578","藤山雅弘","ﾏ ﾏｻﾋﾛ","阪","B1","2025","前期"
"4579","中嶋健一郎","ﾏ ｹﾝｲﾁﾛｳ","重","B1","2025","前期"
"4580","長谷川雅和","ﾜ ﾏｻｶｽﾞ","山","B1","2025","前期"
"4581","吉村誠","ﾏｺﾄ","岡","B1","2025","前期"
"4583","古田祐貴","ﾕｳｷ","川","B1","2025","前期"
"4584","村岡賢人","ｹﾝﾄ","山","B1","2025","前期"
"4586","磯部誠","ﾏｺﾄ","知","B1","2025","前期"
"4587","木田峰由季","ﾐﾈﾕｷ","井","B1","2025","前期"
"4588","田中京介","ｷｮｳｽｹ","岡","B1","2025","前期"
"4589","塩崎桐加","ｷ ﾋｻｶ","重","B1","2025","前期"
"4590","渡邉優美","ﾞ ﾕﾐ","岡","B1","2025","前期"
"4592","小林孝弘","ｼ ﾀｶﾋﾛ","口","B1","2025","前期"
"4593","小坂宗司","ﾀｶｼ","阪","B1","2025","前期"
"4594","谷川祐一","ﾜ ﾕｳｲﾁ","賀","B1","2025","前期"
"4596","葛原大陽","ﾗ ﾋﾛｱｷ","島","B1","2025","前期"
"4598","加藤政彦","ﾏｻﾋｺ","京","B1","2025","前期"
"4600","井内将太郎","ﾏｻﾀﾛｳ","島","B1","2025","前期"
"4601","森野正弘","ﾏｻﾋﾛ","口","B1","2025","前期"
"4603","谷川将太","ﾜ ｼｮｳﾀ","崎","B1","2025","前期"
"4604","岩瀬裕亮","ﾕｳｽｹ","知","B1","2025","前期"
"4607","鶴田勇雄","ｲｻｵ","岡","B1","2025","前期"
"4608","荒井翔伍","ｼｮｳｺﾞ","京","B1","2025","前期"
"4610","佐藤大佑","ﾀﾞｲｽｹ","京","B1","2025","前期"
"4611","今井美亜","ﾐｱ","井","B1","2025","前期"
"4614","石倉洋行","ﾖｳｺｳ","岡","B1","2025","前期"
"4615","板倉敦史","ｱﾂｼ","京","B1","2025","前期"
"4618","乃村康友","ﾔｽﾄﾓ","重","B1","2025","前期"
"4619","伏田裕隆","ﾋﾛﾀｶ","京","B1","2025","前期"
"4623","中北将史","ﾀ ﾏｻｼ","重","B1","2025","前期"
"4624","高田明","ｱｷﾗ","賀","B1","2025","前期"
"4625","渡邊裕貴","ﾞ ﾋﾛｷ","岡","B1","2025","前期"
"4626","伊藤紘章","ﾋﾛｱｷ","知","B1","2025","前期"
"4627","藤原菜希","ﾗ ﾅﾂｷ","京","B1","2025","前期"
"4630","岩永雅人","ﾞ ﾏｻﾄ","知","B1","2025","前期"
"4631","新井英孝","ﾋﾃﾞﾀｶ","阪","B1","2025","前期"
"4632","長尾京志郎","ｷｮｳｼﾛｳ","岡","B1","2025","前期"
"4633","森智也","ﾓﾔ","庫","B1","2025","前期"
"4635","峰重力也","ﾞ ﾘｷﾔ","山","B1","2025","前期"
"4636","赤池修平","ｼｭｳﾍｲ","島","B1","2025","前期"
"4637","中田友也","ﾄﾓﾔ","玉","B1","2025","前期"
"4638","小林遼太","ｼ ﾘｮｳﾀ","岡","B1","2025","前期"
"4639","雑賀勇貴","ﾕｳｷ","阪","B1","2025","前期"
"4640","山内雅人","ﾁ ﾏｻﾄ","岡","B1","2025","前期"
"4641","磯村匠","ﾀｸﾐ","京","B1","2025","前期"
"4642","松尾夏海","ｶﾅﾐ","川","B1","2025","前期"
"4643","近江翔吾","ｼｮｳｺﾞ","川","B1","2025","前期"
"4644","山田亮太","ﾘｮｳﾀ","京","B1","2025","前期"
"4645","上村純一","ｼﾞｭﾝｲﾁ","馬","B1","2025","前期"
"4648","木村亮太","ﾘｮｳﾀ","庫","B1","2025","前期"
"4649","和田操拓","ｱﾔﾋﾛ","賀","B1","2025","前期"
"4650","中山雄太","ﾕｳﾀ","知","B1","2025","前期"
"4651","佐藤大騎","ﾀｲｷ","阪","B1","2025","前期"
"4652","酒見峻介","ｼｭﾝｽｹ","賀","B1","2025","前期"
"4653","小野達哉","ﾂﾔ","阪","B1","2025","前期"
"4654","篠田優也","ﾕｳﾔ","庫","B1","2025","前期"
"4656","大崎翔","ｼｮｳ","庫","B1","2025","前期"
"4659","木下翔太","ｼｮｳﾀ","阪","B1","2025","前期"
"4660","宇田川信一","ﾞﾜ ｼﾝｲﾁ","京","B1","2025","前期"
"4661","中島昂章","ﾀｶｱｷ","賀","B1","2025","前期"
"4663","籾山佳岳","ﾖｼﾀｹ","知","B1","2025","前期"
"4664","東口晃","ｸﾞﾁ ｱｷﾗ","井","B1","2025","前期"
"4665","加藤啓太","ｹｲﾀ","知","B1","2025","前期"
"4666","日笠勝弘","ﾏｻﾋﾛ","阪","B1","2025","前期"
"4669","井上茂","ｼｹﾞﾙ","岡","B1","2025","前期"
"4672","守屋大地","ﾀﾞｲﾁ","山","B1","2025","前期"
"4674","池田剛規","ｺｳｷ","岡","B1","2025","前期"
"4675","井手良太","ﾘｮｳﾀ","阪","B1","2025","前期"
"4676","後藤隼之","ﾊﾔﾄ","京","B1","2025","前期"
"4677","片橋幸貴","ﾕｷﾀｶ","賀","B1","2025","前期"
"4678","水野望美","ﾉｿﾞﾐ","知","B1","2025","前期"
"4679","植田太一","ﾀｲﾁ","岡","B1","2025","前期"
"4680","後藤美翼","ﾐｸ","京","B1","2025","前期"
"4681","太田潮","ｳｼｵ","知","B1","2025","前期"
"4682","大上卓人","ﾀｸﾄ","島","B1","2025","前期"
"4683","向井田直弥","ﾞ ﾅｵﾔ","島","B1","2025","前期"
"4684","楠原翔太","ｼｮｳﾀ","岡","B1","2025","前期"
"4685","島村隆幸","ﾀｶﾖｼ","島","B1","2025","前期"
"4686","丸野一樹","ｶｽﾞｷ","賀","B1","2025","前期"
"4688","永井彪也","ﾋｮｳﾔ","京","B1","2025","前期"
"4689","豊田結","ﾕｲ","岡","B1","2025","前期"
"4690","高石梨菜","ﾘﾅ","京","B1","2025","前期"
"4691","水原慎","ﾗ ｼﾝ","島","B1","2025","前期"
"4692","酒井俊弘","ﾄｼﾋﾛ","井","B1","2025","前期"
"4693","松下誉士","ﾀｶｼ","岡","B1","2025","前期"
"4694","高田綾","ｱﾔ","岡","B1","2025","前期"
"4695","尾崎雄二","ﾕｳｼﾞ","崎","B1","2025","前期"
"4697","國弘翔平","ｼｮｳﾍｲ","岡","B1","2025","前期"
"4700","金子和之","ｶｽﾞﾕｷ","玉","B1","2025","前期"
"4702","三浦敬太","ｹｲﾀ","京","B1","2025","前期"
"4703","森永隆","ﾞ ﾀｶｼ","口","B1","2025","前期"
"4704","河野大","ﾀﾞｲ","島","B1","2025","前期"
"4705","吉川勇作","ﾕｳｻｸ","崎","B1","2025","前期"
"4706","三浦洋次朗","ﾖｳｼﾞﾛｳ","知","B1","2025","前期"
"4708","半田尚也","ﾅｵﾔ","島","B1","2025","前期"
"4709","岡村将也","ﾏｻﾔ","岡","B1","2025","前期"
"4710","福田宗平","ｼｭｳﾍｲ","阪","B1","2025","前期"
"4711","前出達吉","ﾀﾂｷ","井","B1","2025","前期"
"4713","白神優","ﾕｳ","山","B1","2025","前期"
"4714","喜多須杏奈","ｱﾝﾅ","島","B1","2025","前期"
"4715","村上遼","ﾘｮｳ","崎","B1","2025","前期"
"4718","北川太一","ﾜ ﾀｲﾁ","賀","B1","2025","前期"
"4719","上條暢嵩","ｮｳ ﾉﾌﾞﾀｶ","阪","B1","2025","前期"
"4720","西澤日花里","ﾜ ﾋｶﾘ","崎","B1","2025","前期"
"4723","寺島吉彦","ﾖｼﾋｺ","京","B1","2025","前期"
"4724","吉田祐貴","ﾕｳｷ","賀","B1","2025","前期"
"4725","佐竹太一","ﾀｲﾁ","庫","B1","2025","前期"
"4726","島田なぎさ","ﾅｷﾞｻ","玉","B1","2025","前期"
"4727","安部慎一","ｼﾝｲﾁ","岡","B1","2025","前期"
"4728","山口亮","ﾁ ﾘｮｳ","京","B1","2025","前期"
"4729","佐藤謙史朗","ｹﾝｼﾛｳ","岡","B1","2025","前期"
"4730","土屋実沙希","ﾐｻｷ","岡","B1","2025","前期"
"4731","間野兼礼","ｽﾞﾉﾘ","知","B1","2025","前期"
"4732","堀本和也","ｶｽﾞﾔ","島","B1","2025","前期"
"4733","赤井睦","ﾑﾂﾐ","島","B1","2025","前期"
"4734","安河内将","ﾁ ｼｮｳ","賀","B1","2025","前期"
"4735","角山雄哉","ﾕｳﾔ","庫","B1","2025","前期"
"4736","高倉和士","ｶｽﾞﾄ","岡","B1","2025","前期"
"4737","竹井貴史","ﾀｶｼ","岡","B1","2025","前期"
"4738","清埜翔子","ｼｮｳｺ","玉","B1","2025","前期"
"4739","中村晃朋","ｱｷﾄﾓ","川","B1","2025","前期"
"4740","齋藤達希","ﾀﾂｷ","岡","B1","2025","前期"
"4743","木村仁紀","ﾏｻｷ","賀","B1","2025","前期"
"4744","伊藤玲奈","ﾚﾅ","岡","B1","2025","前期"
"4746","大豆生田蒼","ｳﾀﾞ ｱｵｲ","玉","B1","2025","前期"
"4747","山戸信二","ｼﾝｼﾞ","崎","B1","2025","前期"
"4748","渡邉雄朗","ﾞ ﾀｹﾛｳ","京","B1","2025","前期"
"4750","井上尚悟","ｼｮｳｺﾞ","阪","B1","2025","前期"
"4752","西尾亮輔","ﾘｮｳｽｹ","知","B1","2025","前期"
"4753","森照夫","ﾙｵ","岡","B1","2025","前期"
"4754","松尾充","ﾐﾂﾙ","重","B1","2025","前期"
"4756","渡邉昌成","ﾞ ﾏｻﾅﾘ","岡","B1","2025","前期"
"4757","山田祐也","ﾕｳﾔ","島","B1","2025","前期"
"4758","富樫麗加","ﾚｲｶ","京","B1","2025","前期"
"4759","今泉友吾","ﾞﾐ ﾕｳｺﾞ","京","B1","2025","前期"
"4760","山崎郡","ｷ ｸﾞﾝ","阪","B1","2025","前期"
"4761","山田晃大","ｱｷﾋﾛ","賀","B1","2025","前期"
"4762","藤原啓史朗","ﾗ ｹｲｼﾛｳ","山","B1","2025","前期"
"4764","小池礼乃","ｱﾔﾉ","岡","B1","2025","前期"
"4765","野田部宏子","ﾋﾛｺ","岡","B1","2025","前期"
"4766","石井孝之","ﾀｶﾕｷ","馬","B1","2025","前期"
"4769","馬場剛","ﾂﾖｼ","京","B1","2025","前期"
"4771","下寺秀和","ﾗ ﾋﾃﾞｶｽﾞ","島","B1","2025","前期"
"4772","石丸海渡","ｶｲﾄ","川","B1","2025","前期"
"4773","中川りな","ﾜ ﾘﾅ","岡","B1","2025","前期"
"4775","千葉真弥","ﾏﾔ","岡","B1","2025","前期"
"4776","竹田和哉","ｶｽﾞﾔ","川","B1","2025","前期"
"4778","堤啓輔","ｹｲｽｹ","賀","B1","2025","前期"
"4779","伊倉光","ﾋｶﾙ","京","B1","2025","前期"
"4781","西舘果里","ﾃ ﾐｻﾄ","京","B1","2025","前期"
"4782","浜崎準也","ｷ ｼﾞｭﾝﾔ","山","B1","2025","前期"
"4784","向井田真紀","ﾞ ﾏｷ","島","B1","2025","前期"
"4785","木幡純也","ｼﾞｭﾝﾔ","知","B1","2025","前期"
"4786","佐藤博亮","ﾋﾛｱｷ","知","B1","2025","前期"
"4787","椎名豊","ﾕﾀｶ","馬","B1","2025","前期"
"4788","小池哲也","ﾃﾂﾔ","阪","B1","2025","前期"
"4789","古賀智之","ﾄﾓﾕｷ","岡","B1","2025","前期"
"4790","柳内敬太","ｹｲﾀ","庫","B1","2025","前期"
"4791","黒澤めぐみ","ﾒｸﾞﾐ","京","B1","2025","前期"
"4792","杉村賢也","ﾗ ｹﾝﾔ","京","B1","2025","前期"
"4793","金子萌","ﾊｼﾞﾒ","岡","B1","2025","前期"
"4794","和田拓也","ﾀｸﾔ","庫","B1","2025","前期"
"4796","春園功太","ﾉ ｺｳﾀ","重","B1","2025","前期"
"4797","中山将","ｼｮｳ","重","B1","2025","前期"
"4798","浜先真範","ﾏｻﾉﾘ","島","B1","2025","前期"
"4803","飯田庄吾","ｼｮｳｺﾞ","岡","B1","2025","前期"
"4804","高田ひかる","ﾋｶﾙ","重","B1","2025","前期"
"4808","松尾拓","ﾋﾛﾑ","重","B1","2025","前期"
"4809","外崎悟","ｻﾄﾙ","玉","B1","2025","前期"
"4811","向井田佑紀","ﾞ ﾕｳｷ","島","B1","2025","前期"
"4812","西野雄貴","ﾕｳｷ","島","B1","2025","前期"
"4813","宮内直哉","ﾅｵﾔ","京","B1","2025","前期"
"4815","伏島祐介","ﾏ ﾕｳｽｹ","京","B1","2025","前期"
"4816","村松修二","ｼｭｳｼﾞ","島","B1","2025","前期"
"4817","渡邉翼","ﾞ ﾂﾊﾞｻ","口","B1","2025","前期"
"4818","伏見俊介","ｼｭﾝｽｹ","京","B1","2025","前期"
"4819","蜂須瑞生","ﾐｽﾞｷ","馬","B1","2025","前期"
"4821","妻鳥晋也","ﾘ ｼﾝﾔ","川","B1","2025","前期"
"4822","百武翔","ｹ ｼｮｳ","賀","B1","2025","前期"
"4823","中村桃佳","ﾓﾓｶ","川","B1","2025","前期"
"4824","松井洪弥","ｺｳﾔ","重","B1","2025","前期"
"4825","倉持莉","ﾘﾘ","京","B1","2025","前期"
"4826","井上一輝","ｶｽﾞｷ","阪","B1","2025","前期"
"4828","松山将吾","ｼｮｳｺﾞ","賀","B1","2025","前期"
"4831","羽野直也","ｵﾔ","岡","B1","2025","前期"
"4832","権藤俊光","ﾞｳ ﾄｼﾐﾂ","阪","B1","2025","前期"
"4834","浜本裕己","ﾕｳｷ","阪","B1","2025","前期"
"4835","橋本明","ｱｷﾗ","島","B1","2025","前期"
"4836","大谷健太","ｹﾝﾀ","玉","B1","2025","前期"
"4837","酒井陽祐","ﾖｳｽｹ","知","B1","2025","前期"
"4839","四宮与寛","ﾄﾓﾋﾛ","島","B1","2025","前期"
"4840","鈴木秀茉","ｼｭｳﾏ","岡","B1","2025","前期"
"4842","山下昂大","ｺｳﾀﾞｲ","山","B1","2025","前期"
"4843","深尾巴恵","ﾄﾓｴ","岡","B1","2025","前期"
"4844","村上奈穂","ﾅﾎ","島","B1","2025","前期"
"4845","前田紗希","ｻｷ","玉","B1","2025","前期"
"4846","佐藤駿介","ｼｭﾝｽｹ","口","B1","2025","前期"
"4847","佐藤隆太郎","ﾘｭｳﾀﾛｳ","京","B1","2025","前期"
"4848","仲谷颯仁","ﾊﾔﾄ","岡","B1","2025","前期"
"4850","野中一平","ｲｯﾍﾟｲ","知","B1","2025","前期"
"4851","関浩哉","ﾛﾔ","馬","B1","2025","前期"
"4852","川原祐明","ﾋﾛｱｷ","川","B1","2025","前期"
"4853","前原哉","ﾁｶ","山","B1","2025","前期"
"4854","大橋由珠","ﾕｽﾞ","京","B1","2025","前期"
"4856","豊田健士郎","ｹﾝｼﾛｳ","重","B1","2025","前期"
"4857","加藤翔馬","ｼｮｳﾏ","庫","B1","2025","前期"
"4861","田中宏樹","ﾋﾛｷ","岡","B1","2025","前期"
"4863","三浦裕貴","ﾕｳｷ","京","B1","2025","前期"
"4864","小川日紀太","ﾆｷﾀ","岡","B1","2025","前期"
"4865","立具敬司","ｹｲｼﾞ","阪","B1","2025","前期"
"4866","橋本英一","ﾋﾃﾞｶｽﾞ","岡","B1","2025","前期"
"4871","菊池宏志","ﾋﾛｼ","口","B1","2025","前期"
"4872","山下流心","ﾘｭｳｼﾝ","島","B1","2025","前期"
"4873","蒲原健太","ｹﾝﾀ","賀","B1","2025","前期"
"4874","池田奈津美","ﾅﾂﾐ","岡","B1","2025","前期"
"4875","大塚康雅","ﾔｽﾏｻ","京","B1","2025","前期"
"4876","梅木敬太","ｹｲﾀ","井","B1","2025","前期"
"4877","鈴谷一平","ﾆ ｲｯﾍﾟｲ","庫","B1","2025","前期"
"4878","西岡育未","ｲｸﾐ","島","B1","2025","前期"
"4879","山崎鉄平","ﾃｯﾍﾟｲ","賀","B1","2025","前期"
"4880","澤崎雄哉","ｷ ﾕｳﾔ","京","B1","2025","前期"
"4882","瀧川千依","ﾁﾖﾘ","島","B1","2025","前期"
"4883","岡部大輝","ﾀﾞｲｷ","京","B1","2025","前期"
"4884","勝浦真帆","ﾏﾎ","山","B1","2025","前期"
"4885","大山千広","ﾁﾋﾛ","岡","B1","2025","前期"
"4886","入海馨","ｹｲ","山","B1","2025","前期"
"4887","富澤祐作","ﾜ ﾕｳｻｸ","馬","B1","2025","前期"
"4888","金児隆太","ﾘｭｳﾀ","馬","B1","2025","前期"
"4889","後藤盛也","ｾｲﾔ","京","B1","2025","前期"
"4890","石川諒","ﾘｮｳ","口","B1","2025","前期"
"4891","寺島美里","ﾐｻﾄ","京","B1","2025","前期"
"4892","柴田直哉","ﾅｵﾔ","岡","B1","2025","前期"
"4893","渡邉真奈美","ﾞ ﾏﾅﾐ","京","B1","2025","前期"
"4894","原村拓也","ﾀｸﾔ","川","B1","2025","前期"
"4895","門間雄大","ﾕｳﾀ","京","B1","2025","前期"
"4896","花本剛","ｺﾞｳ","口","B1","2025","前期"
"4897","深見亜由美","ｱﾕﾐ","知","B1","2025","前期"
"4898","菊地敬介","ｹｲｽｹ","玉","B1","2025","前期"
"4899","占部一真","ｶｽﾞﾏ","岡","B1","2025","前期"
"4900","中田夕貴","ﾕｷ","玉","B1","2025","前期"
"4901","出口舞有子","ﾁ ﾏｱｺ","知","B1","2025","前期"
"4902","山川雄大","ﾀｶﾋﾛ","庫","B1","2025","前期"
"4903","吉田凌太朗","ﾘｮｳﾀﾛｳ","知","B1","2025","前期"
"4904","松本一毅","ｶｽﾞｷ","阪","B1","2025","前期"
"4905","土井祥伍","ｼｮｳｺﾞ","阪","B1","2025","前期"
"4906","鈴木雅希","ﾏｻｷ","京","B1","2025","前期"
"4907","小池修平","ｼｭｳﾍｲ","阪","B1","2025","前期"
"4908","上田龍星","ﾘｭｳｾｲ","阪","B1","2025","前期"
"4909","薮内瑞希","ﾁ ﾐｽﾞｷ","山","B1","2025","前期"
"4910","中村泰平","ﾀｲﾍｲ","知","B1","2025","前期"
"4911","片岡大地","ﾀﾞｲﾁ","京","B1","2025","前期"
"4914","吉田裕平","ﾕｳﾍｲ","知","B1","2025","前期"
"4917","岩橋裕馬","ﾕｳﾏ","庫","B1","2025","前期"
"4918","川島拓郎","ﾀｸﾛｳ","岡","B1","2025","前期"
"4919","吉田翔悟","ｼｮｳｺﾞ","崎","B1","2025","前期"
"4924","中北涼","ﾘｮｳ","崎","B1","2025","前期"
"4925","森悠稀","ｳｷ","庫","B1","2025","前期"
"4926","吉川貴仁","ﾀｶﾋﾄ","重","B1","2025","前期"
"4927","関野文","ｱﾔ","阪","B1","2025","前期"
"4928","栗城匠","ｼｮｳ","京","B1","2025","前期"
"4930","佐藤悠","ﾕｳ","井","B1","2025","前期"
"4931","木谷賢太","ｹﾝﾀ","川","B1","2025","前期"
"4932","新開航","ﾜﾀﾙ","岡","B1","2025","前期"
"4933","板橋侑我","ｼ ﾕｳｶﾞ","岡","B1","2025","前期"
"4934","佐木翔斗","ｼｮｳﾄ","阪","B1","2025","前期"
"4936","戸敷晃美","ｱｷﾐ","岡","B1","2025","前期"
"4938","小芦るり華","ﾙﾘｶ","賀","B1","2025","前期"
"4939","宮之原輝紀","ﾗ ｺｳｷ","京","B1","2025","前期"
"4940","白石有美","ｱﾐ","京","B1","2025","前期"
"4941","孫崎百世","ｷ ﾓﾓﾖ","賀","B1","2025","前期"
"4942","柴田朋哉","ﾄﾓﾔ","岡","B1","2025","前期"
"4943","八木治樹","ﾊﾙｷ","知","B1","2025","前期"
"4944","田代達也","ﾀﾂﾔ","京","B1","2025","前期"
"4945","上村宏太","ｺｳﾀ","京","B1","2025","前期"
"4947","間庭菜摘","ﾅﾂﾐ","岡","B1","2025","前期"
"4948","木場悠介","ﾕｳｽｹ","崎","B1","2025","前期"
"4949","横田貴満","ﾀｶﾐﾂ","賀","B1","2025","前期"
"4950","高岡竜也","ﾘｭｳﾔ","口","B1","2025","前期"
"4951","新田洋一","ﾖｳｲﾁ","島","B1","2025","前期"
"4952","吉武真也","ｼﾝﾔ","岡","B1","2025","前期"
"4953","尾上雅也","ﾏｻﾔ","玉","B1","2025","前期"
"4954","内山峻輔","ｼｭﾝｽｹ","京","B1","2025","前期"
"4956","齊藤大将","ﾋﾛﾏｻ","京","B1","2025","前期"
"4957","竹之内極","ﾁ ｷﾜﾑ","岡","B1","2025","前期"
"4958","溝口海義也","ﾞﾁ ﾐｷﾔ","岡","B1","2025","前期"
"4959","井上忠政","ﾀﾀﾞﾏｻ","阪","B1","2025","前期"
"4960","黒野元基","ﾓﾄｷ","知","B1","2025","前期"
"4961","西橋奈未","ﾅﾐ","井","B1","2025","前期"
"4962","畑竜生","ﾂｷ","重","B1","2025","前期"
"4963","實森美祐","ﾐﾕ","島","B1","2025","前期"
"4964","土屋南","ﾐﾅﾐ","山","B1","2025","前期"
"4965","福岡泉水","ｲｽﾞﾐ","庫","B1","2025","前期"
"4966","田川大貴","ﾀﾞｲｷ","崎","B1","2025","前期"
"4967","中村魁生","ｶｲｾｲ","阪","B1","2025","前期"
"4969","町田洸希","ﾋﾛｷ","崎","B1","2025","前期"
"4973","栗原直也","ﾅｵﾔ","玉","B1","2025","前期"
"4974","安井瑞紀","ﾐｽﾞｷ","山","B1","2025","前期"
"4976","金山立樹","ﾘﾂｷ","京","B1","2025","前期"
"4977","馬野耀","ﾋｶﾙ","阪","B1","2025","前期"
"4978","山田和佐","ｶｽﾞｻ","島","B1","2025","前期"
"4979","中野夢斗","ﾕﾒﾄ","知","B1","2025","前期"
"4980","佐木完太","ｶﾝﾀ","口","B1","2025","前期"
"4981","牧山敦也","ｱﾂﾔ","賀","B1","2025","前期"
"4982","中村将隆","ﾉﾌﾞﾀｶ","庫","B1","2025","前期"
"4983","前田篤哉","ｱﾂﾔ","知","B1","2025","前期"
"4984","森下愛梨","ｱｲﾘ","岡","B1","2025","前期"
"4985","井本昌也","ﾏｻﾔ","口","B1","2025","前期"
"4987","島倉都","ﾐﾔｺ","馬","B1","2025","前期"
"4988","牟田奨太","ｮｳﾀ","岡","B1","2025","前期"
"4989","石原翼","ﾂﾊﾞｻ","岡","B1","2025","前期"
"4990","田中博子","ﾋﾛｺ","岡","B1","2025","前期"
"4991","宗行治哉","ﾊﾙﾔ","島","B1","2025","前期"
"4992","廣瀬篤哉","ｱﾂﾔ","賀","B1","2025","前期"
"4994","山本梨菜","ﾘﾅ","賀","B1","2025","前期"
"4995","田邉亮蔵","ﾘｮｳｿﾞｳ","京","B1","2025","前期"
"4997","濱崎寿里矢","ｼﾞｭﾘﾔ","玉","B1","2025","前期"
"4998","中村かなえ","ｶﾅｴ","京","B1","2025","前期"
"5000","岡本翔太郎","ｼｮｳﾀﾛｳ","口","B1","2025","前期"
"5002","上田健太","ｹﾝﾀ","知","B1","2025","前期"
"5003","来田衣織","ｵﾘ","庫","B1","2025","前期"
"5004","河野主樹","ｶｽﾞｷ","阪","B1","2025","前期"
"5005","石田貴洋","ﾀｶﾋﾛ","玉","B1","2025","前期"
"5006","久保原秀人","ﾗ ﾋﾃﾞﾄ","馬","B1","2025","前期"
"5007","近藤雄一郎","ｳ ﾕｳｲﾁﾛｳ","京","B1","2025","前期"
"5008","羽野諒","ｮｳ","岡","B1","2025","前期"
"5009","大賀龍之介","ﾘｭｳﾉｽｹ","岡","B1","2025","前期"
"5010","宇留田翔平","ｼｮｳﾍｲ","重","B1","2025","前期"
"5011","高木圭大","ｹｲﾀ","崎","B1","2025","前期"
"5012","加倉侑征","ﾕｳｾｲ","岡","B1","2025","前期"
"5013","山下夏鈴","ｶﾘﾝ","重","B1","2025","前期"
"5014","梶山涼斗","ﾏ ﾘｮｳﾄ","賀","B1","2025","前期"
"5015","高橋竜矢","ﾘｭｳﾔ","島","B1","2025","前期"
"5016","宮田龍馬","ﾘｭｳﾏ","庫","B1","2025","前期"
"5017","澤田尚也","ﾅｵﾔ","賀","B1","2025","前期"
"5018","竹下大樹","ﾀﾞｲｷ","岡","B1","2025","前期"
"5019","柴田百恵","ﾓﾓｴ","岡","B1","2025","前期"
"5020","宮村勇哉","ﾕｳﾔ","重","B1","2025","前期"
"5022","伊藤尚汰","ｼｮｳﾀ","岡","B1","2025","前期"
"5023","久永祥平","ﾞ ｼｮｳﾍｲ","京","B1","2025","前期"
"5026","安河内健","ﾁ ｹﾝ","賀","B1","2025","前期"
"5027","重冨勇哉","ﾐ ﾕｳﾔ","口","B1","2025","前期"
"5028","原田才一郎","ｻｲｲﾁﾛｳ","岡","B1","2025","前期"
"5029","中亮太","ｮｳﾀ","岡","B1","2025","前期"
"5030","金子千穂","ﾁﾎ","馬","B1","2025","前期"
"5031","渡辺空依","ﾞ ｿﾗｲ","岡","B1","2025","前期"
"5032","谷口知優","ﾁ ﾄﾓﾏｻ","川","B1","2025","前期"
"5033","藤原孝斗","ﾗ ﾀｶﾄ","知","B1","2025","前期"
"5034","若林義人","ﾔｼ ﾖｼﾄ","岡","B1","2025","前期"
"5035","櫻井優","ﾏｻﾙ","玉","B1","2025","前期"
"5036","福田翔吾","ｼｮｳｺﾞ","阪","B1","2025","前期"
"5037","田頭虎親","ﾗ ﾄﾗﾁｶ","川","B1","2025","前期"
"5038","金田智博","ﾄﾓﾋﾛ","井","B1","2025","前期"
"5039","倉田茂将","ｼｹﾞﾏｻ","知","B1","2025","前期"
"5041","荒牧凪沙","ﾅｷﾞｻ","岡","B1","2025","前期"
"5042","畑田汰一","ﾀｲﾁ","玉","B1","2025","前期"
"5043","中村日向","ﾋｭｳｶﾞ","川","B1","2025","前期"
"5044","渡邉健","ﾞ ｹﾝ","京","B1","2025","前期"
"5045","平川香織","ｶｵﾘ","玉","B1","2025","前期"
"5046","松山裕基","ﾕｳｷ","阪","B1","2025","前期"
"5047","國分将太郎","ﾝ ｼｮｳﾀﾛｳ","京","B1","2025","前期"
"5048","眞鳥康太","ｺｳﾀ","崎","B1","2025","前期"
"5049","松井友汰","ﾕｳﾀ","阪","B1","2025","前期"
"5050","木下雄介","ﾕｳｽｹ","賀","B1","2025","前期"
"5051","松本純平","ｼﾞｭﾝﾍﾟｲ","玉","B1","2025","前期"
"5052","赤井星璃菜","ｾﾘﾅ","阪","B1","2025","前期"
"5053","山口広樹","ﾁ ｺｳｷ","岡","B1","2025","前期"
"5054","佐木大河","ﾀｲｶﾞ","阪","B1","2025","前期"
"5055","眞鳥章太","ｼｮｳﾀ","崎","B1","2025","前期"
"5056","西岡成美","ﾅﾙﾐ","島","B1","2025","前期"
"5057","上田紗奈","ｻﾅ","阪","B1","2025","前期"
"5058","前原大道","ﾋﾛﾐﾁ","山","B1","2025","前期"
"5059","冨田祥","ｼｮｳ","川","B1","2025","前期"
"5060","数原魁","ﾗ ｶｲ","庫","B1","2025","前期"
"5061","中村駿平","ｼｭﾝﾍﾟｲ","知","B1","2025","前期"
"5063","大塚雅治","ﾏｻﾊﾙ","京","B1","2025","前期"
"5064","品川二千翔","ﾜ ﾆﾁｶ","口","B1","2025","前期"
"5065","伊久間陽優","ﾋﾕｳ","馬","B1","2025","前期"
"5066","鈴木孝明","ﾀｶｱｷ","玉","B1","2025","前期"
"5067","山田真聖","ﾏｻｷﾖ","口","B1","2025","前期"
"5068","前田滉","ﾋｶﾙ","知","B1","2025","前期"
"5069","山崎小葉音","ｷ ｺﾊﾈ","馬","B1","2025","前期"
"5070","中島航","ﾏ ﾜﾀﾙ","京","B1","2025","前期"
"5071","野見山拓己","ﾀｸﾐ","岡","B1","2025","前期"
"5072","吉田杏美","ｱﾐ","玉","B1","2025","前期"
"5073","上原健次郎","ｹﾝｼﾞﾛｳ","岡","B1","2025","前期"
"5074","大澤誠也","ｾｲﾔ","知","B1","2025","前期"
"5075","中島秀治","ﾏ ｼｭｳｼﾞ","賀","B1","2025","前期"
"5076","石原光","ﾋｶﾙ","岡","B1","2025","前期"
"5077","滝沢崚","ﾜ ﾘｮｳ","玉","B1","2025","前期"
"5078","山川波乙","ﾊｵ","重","B1","2025","前期"
"5079","大石真央","ﾏｵ","岡","B1","2025","前期"
"5081","篠原飛翔","ﾂﾊﾞｻ","岡","B1","2025","前期"
"5082","一色凌雅","ﾘｮｳｶﾞ","知","B1","2025","前期"
"5083","柳瀬幹太","ｶﾝﾀ","口","B1","2025","前期"
"5084","末永和也","ﾞ ｶｽﾞﾔ","賀","B1","2025","前期"
"5085","中村栄治","ｴｲｼﾞ","井","B1","2025","前期"
"5086","本村大","ﾀﾞｲ","崎","B1","2025","前期"
"5087","佐藤航","ｺｳ","玉","B1","2025","前期"
"5088","高憧四季","ｼｷ","阪","B1","2025","前期"
"5089","前田翔","ｶｹﾙ","知","B1","2025","前期"
"5090","生方靖亜","ﾀ ｾｲｱ","馬","B1","2025","前期"
"5091","為本智也","ﾄﾓﾔ","井","B1","2025","前期"
"5092","篠原晟弥","ｾｲﾔ","岡","B1","2025","前期"
"5093","浦野海","ｶｲ","岡","B1","2025","前期"
"5095","小原聡将","ﾄｼﾕｷ","京","B1","2025","前期"
"5096","上原崚","ﾘｮｳ","京","B1","2025","前期"
"5098","大江純","ｼﾞｭﾝ","知","B1","2025","前期"
"5100","栗原一馬","ｶｽﾞﾏ","馬","B1","2025","前期"
"5101","表健太","ｹﾝﾀ","岡","B1","2025","前期"
"5102","原田雄次","ﾕｳｼﾞ","岡","B1","2025","前期"
"5103","芝田京介","ｷｮｳｽｹ","玉","B1","2025","前期"
"5104","山田丈","ｼﾞｮｳ","岡","B1","2025","前期"
"5105","富田恕生","ｼﾞｮｳ","岡","B1","2025","前期"
"5106","山崎祥","ｼｮｳ","口","B1","2025","前期"
"5107","松本真広","ﾏｻﾋﾛ","岡","B1","2025","前期"
"5108","柴田愛梨","ｱｲﾘ","馬","B1","2025","前期"
"5109","川崎智稔","ﾄﾓﾅﾘ","山","B1","2025","前期"
"5110","杉山喜一","ﾏ ｷｲﾁ","岡","B1","2025","前期"
"5111","三村岳人","ｶﾞｸﾄ","山","B1","2025","前期"
"5112","砂長知輝","ﾞ ﾄﾓｷ","玉","B1","2025","前期"
"5113","黒明花夢","ｳ ﾊﾅﾑ","山","B1","2025","前期"
"5114","小林孝彰","ｼ ﾀｶｱｷ","井","B1","2025","前期"
"5115","香川颯太","ｿｳﾀ","賀","B1","2025","前期"
"5116","金子七海","ﾅﾅﾐ","井","B1","2025","前期"
"5117","冨名腰桃奈","ﾓﾓﾅ","岡","B1","2025","前期"
"5118","野田なづき","ﾅﾂﾞｷ","賀","B1","2025","前期"
"5120","山本稔太朗","ｼﾞﾝﾀﾛｳ","知","B1","2025","前期"
"5121","定松勇樹","ﾂ ﾕｳｷ","賀","B1","2025","前期"
"5122","相馬翔","ｼｮｳ","玉","B1","2025","前期"
"5123","福山恵里奈","ｴﾘﾅ","口","B1","2025","前期"
"5124","上瀧絢也","ﾀｷ ｹﾝﾔ","賀","B1","2025","前期"
"5125","高井雄基","ﾕｳｷ","知","B1","2025","前期"
"5126","山下大輝","ﾀﾞｲｷ","庫","B1","2025","前期"
"5127","沼田大都","ﾋﾛﾄ","知","B1","2025","前期"
"5128","坪井爽佑","ｿｳｽｹ","重","B1","2025","前期"
"5129","山口真喜子","ﾁ ﾏｷｺ","崎","B1","2025","前期"
"5130","上野拓馬","ﾀｸﾏ","重","B1","2025","前期"
"5131","江藤敦宏","ｱﾂﾋﾛ","岡","B1","2025","前期"
"5132","中野希一","ｷｲﾁ","玉","B1","2025","前期"
"5133","堀越雄貴","ﾕｳｷ","京","B1","2025","前期"
"5134","大原祥昌","ﾖｼﾏｻ","島","B1","2025","前期"
"5135","仲航太","ｳﾀ","京","B1","2025","前期"
"5136","濱野斗馬","ﾄｳﾏ","川","B1","2025","前期"
"5137","川原涼","ﾘｮｳ","知","B1","2025","前期"
"5138","村本大成","ﾀｲｾｲ","岡","B1","2025","前期"
"5139","大場恒季","ｺｳｷ","知","B1","2025","前期"
"5140","吉田彩乃","ｱﾔﾉ","岡","B1","2025","前期"
"5141","大澤風葵","ﾌｳｷ","馬","B1","2025","前期"
"5142","常住蓮","ﾐ ﾚﾝ","賀","B1","2025","前期"
"5143","常盤海心","ｶｲｼﾝ","島","B1","2025","前期"
"5144","中尾彩香","ｻﾔｶ","岡","B1","2025","前期"
"5145","島川海輝","ｶｲｷ","口","B1","2025","前期"
"5146","野田彩加","ｱﾔｶ","口","B1","2025","前期"
"5147","田中勇輔","ﾕｳｽｹ","玉","B1","2025","前期"
"5148","松本怜","ﾚｲ","岡","B1","2025","前期"
"5150","坂本雄紀","ﾕｳｷ","馬","B1","2025","前期"
"5151","山下奈緒","ﾅｵ","阪","B1","2025","前期"
"5152","丸山祐也","ﾕｳﾔ","岡","B1","2025","前期"
"5153","佐藤ほのか","ﾎﾉｶ","京","B1","2025","前期"
"5154","村松栄太","ｴｲﾀ","島","B1","2025","前期"
"5155","内山七海","ﾅﾅﾐ","岡","B1","2025","前期"
"5156","坂野さくら","ｻｸﾗ","井","B1","2025","前期"
"5157","市川健太","ｹﾝﾀ","賀","B1","2025","前期"
"5158","宮脇遼太","ﾘｮｳﾀ","岡","B1","2025","前期"
"5160","藤森陸斗","ﾘ ﾘｸﾄ","岡","B1","2025","前期"
"5161","登玉隼百","ﾊﾔﾄ","庫","B1","2025","前期"
"5162","松尾怜実","ｻﾄﾐ","岡","B1","2025","前期"
"5163","清水愛海","ｱﾐ","口","B1","2025","前期"
"5164","森田梨湖","ﾘｺ","岡","B1","2025","前期"
"5165","小林愛実","ｼ ﾅﾙﾐ","山","B1","2025","前期"
"5166","仲道大輔","ﾀﾞｲｽｹ","知","B1","2025","前期"
"5167","小川竜太朗","ﾘｮｳﾀﾛｳ","玉","B1","2025","前期"
"5169","堀本翔太","ｼｮｳﾀ","知","B1","2025","前期"
"5170","佐藤太亮","ﾀｲｽｹ","山","B1","2025","前期"
"5171","清水未唯","ﾐﾕ","賀","B1","2025","前期"
"5172","田村慶","ｹｲ","島","B1","2025","前期"
"5173","谷口佳蓮","ﾁ ｶﾚﾝ","川","B1","2025","前期"
"5174","川井萌","ﾓｴ","岡","B1","2025","前期"
"5175","島崎丈一朗","ｷ ｼﾞｮｳｲﾁﾛｳ","京","B1","2025","前期"
"5176","石倉拓美","ﾀｸﾐ","口","B1","2025","前期"
"5177","松井貫太","ｶﾝﾀ","岡","B1","2025","前期"
"5178","成貞琳平","ﾞ ﾘﾝﾍﾟｲ","知","B1","2025","前期"
"5179","藤本元輝","ﾄ ｹﾞﾝｷ","庫","B1","2025","前期"
"5180","藤本紗弥香","ﾄ ｻﾔｶ","口","B1","2025","前期"
"5181","森智哉","ﾓﾔ","山","B1","2025","前期"
"5182","宮崎安奈","ｷ ｱﾝﾅ","玉","B1","2025","前期"
"5183","中野孝二","ｺｳｼﾞ","重","B1","2025","前期"
"5184","飯塚響","ｶ ﾋﾋﾞｷ","馬","B1","2025","前期"
"5185","加藤優弥","ﾏｻﾔ","井","B1","2025","前期"
"5186","遠藤圭吾","ｳ ｹｲｺﾞ","京","B1","2025","前期"
"5187","小坂風太","ﾌｳﾀ","井","B1","2025","前期"
"5188","武井莉里佳","ﾘﾘｶ","庫","B1","2025","前期"
"5189","藤原早菜","ﾗ ｻﾅ","山","B1","2025","前期"
"5190","大月遊雅","ﾕｳｶﾞ","京","B1","2025","前期"
"5191","飛田江己","ｺｳｷ","玉","B1","2025","前期"
"5192","中尾優香","ﾕｳｶ","岡","B1","2025","前期"
"5193","米丸乃絵","ﾉｴ","岡","B1","2025","前期"
"5194","大久保佑香","ﾞ ﾕｳｶ","玉","B1","2025","前期"
"5195","北村寧","ﾈﾈ","崎","B1","2025","前期"
"5196","鰐部太空海","ﾀｸﾐ","知","B1","2025","前期"
"5197","中野仁照","ﾖｼﾃﾙ","知","B1","2025","前期"
"5198","奥村明日香","ｱｽｶ","岡","B1","2025","前期"
"5199","垂水悠","ﾕｳ","島","B1","2025","前期"
"5200","筒井美琴","ﾐｺﾄ","岡","B1","2025","前期"
"5201","村上宗太郎","ｿｳﾀﾛｳ","京","B1","2025","前期"
"5202","宮崎つぐみ","ｷ ﾂｸﾞﾐ","阪","B1","2025","前期"
"5203","神里琴音","ﾄ ｺﾄﾈ","岡","B1","2025","前期"
"5204","宇恵有香","ｳｶ","重","B1","2025","前期"
"5205","刑部亜里紗","ﾞ ｱﾘｻ","岡","B1","2025","前期"
"5206","梅原祥平","ｼｮｳﾍｲ","山","B1","2025","前期"
"5207","高山敬悟","ｹｲｺﾞ","岡","B1","2025","前期"
"5208","屋良龍紀","ｭｳｷ","崎","B1","2025","前期"
"5209","小野京平","ｮｳﾍｲ","岡","B1","2025","前期"
"5210","藤井公人","ﾅｵﾄ","岡","B1","2025","前期"
"5211","高井駿弥","ｼｭﾝﾔ","知","B1","2025","前期"
"5212","西川拓利","ﾀｸﾄ","岡","B1","2025","前期"
"5213","湯淺紀香","ﾉﾘｶ","馬","B1","2025","前期"
"5214","田中宏典","ｺｳｽｹ","賀","B1","2025","前期"
"5215","石丸小槙","ｺﾏｷ","川","B1","2025","前期"
"5216","長谷川晴哉","ﾜ ｾｲﾔ","馬","B1","2025","前期"
"5217","藤原碧生","ﾗ ｱｵｲ","山","B1","2025","前期"
"5218","山田理央","ﾘｵ","川","B1","2025","前期"
"5219","森口和紀","ﾁ ｶｽﾞｷ","岡","B1","2025","前期"
"5220","青木蓮","ﾚﾝ","玉","B1","2025","前期"
"5221","竹間隆晟","ﾘｭｳｾｲ","阪","B1","2025","前期"
"5222","津田陸翔","ﾘｸﾄ","島","B1","2025","前期"
"5223","森清友翔","ﾕｳﾄ","岡","B1","2025","前期"
"5224","西岡顕心","ｹﾝｼﾝ","川","B1","2025","前期"
"5226","藤田俊祐","ｼｭﾝｽｹ","京","B1","2025","前期"
"5227","川原愛未","ｱｲﾐ","岡","B1","2025","前期"
"5228","若林樹蘭","ﾔｼ ｼﾞｭﾗﾝ","京","B1","2025","前期"
"5229","吉川晴人","ﾊﾙﾄ","賀","B1","2025","前期"
"5230","石原凪紗","ﾅｷﾞｻ","知","B1","2025","前期"
"5231","寺田空詩","ｸｳ","口","B1","2025","前期"
"5232","樅山拓馬","ﾀｸﾏ","知","B1","2025","前期"
"5234","塚越海斗","ｼ ｶｲﾄ","馬","B1","2025","前期"
"5235","岩田凌","ﾘｮｳ","阪","B1","2025","前期"
"5236","小宮涼雅","ﾘｮｳｶﾞ","山","B1","2025","前期"
"5237","永松良教","ﾂ ﾘｮｳﾀ","岡","B1","2025","前期"
"5238","笹木香吾","ｷｮｳｺﾞ","口","B1","2025","前期"
"5239","上野俊樹","ﾄｼｷ","岡","B1","2025","前期"
"5240","高橋龍治","ﾘｭｳｼﾞ","岡","B1","2025","前期"
"5241","門田栞","ｼｵﾘ","川","B1","2025","前期"
"5242","高山弘斗","ﾋﾛﾄ","玉","B1","2025","前期"
"5243","三馬崇史","ﾀｶﾌﾐ","島","B1","2025","前期"
"5244","黒田剛","ﾀｹｼ","岡","B1","2025","前期"
"5245","倉富大誠","ﾀｲｾｲ","知","B1","2025","前期"
"5246","楠将太郎","ｼｮｳﾀﾛｳ","玉","B1","2025","前期"
"5247","大森翼","ﾂﾊﾞｻ","庫","B1","2025","前期"
"5248","本田愛","ｱｲ","岡","B1","2025","前期"
"5249","三木晴斗","ﾙﾄ","島","B1","2025","前期"
"5250","嶋田有里","ﾕｳﾘ","崎","B1","2025","前期"
"5251","沼田七華","ﾅﾅｶ","井","B1","2025","前期"
"5252","荒木颯斗","ﾊﾔﾄ","知","B1","2025","前期"
"5253","藤井太雅","ﾀｲｶﾞ","京","B1","2025","前期"
"5254","羽田妃希","ｷｻｷ","知","B1","2025","前期"
"5255","藤原仙二","ﾗ ｾﾝｼﾞ","賀","B1","2025","前期"
"5256","中山翔太","ｼｮｳﾀ","重","B1","2025","前期"
"5257","西丸侑太朗","ﾕｳﾀﾛｳ","川","B1","2025","前期"
"5258","仲本舜","ｼｭﾝ","岡","B1","2025","前期"
"5259","野田昇吾","ｼｮｳｺﾞ","玉","B1","2025","前期"
"5261","岡暢祐","ｳｽｹ","崎","B1","2025","前期"
"5262","鈴木章司","ｼｮｳｼﾞ","知","B1","2025","前期"
"5263","花田凱成","ｶｲｾｲ","岡","B1","2025","前期"
"5264","登みひ果","ﾐﾋｶ","庫","B1","2025","前期"
"5265","大廣咲季","ｻｷ","川","B1","2025","前期"
"5266","石田勇斗","ﾊﾔﾄ","知","B1","2025","前期"
"5267","石本裕武","ﾋﾛﾑ","阪","B1","2025","前期"
"5268","山本幸也","ﾕｷﾔ","岡","B1","2025","前期"
"5269","山口晃朋","ﾁ ｱｷﾄﾓ","岡","B1","2025","前期"
"5270","小玉啓太","ｹｲﾀ","賀","B1","2025","前期"
"5271","杉山太陽","ﾏ ﾀｲﾖｳ","岡","B1","2025","前期"
"5272","松田真実","ﾏﾐ","知","B1","2025","前期"
"5273","山下拓巳","ﾀｸﾐ","庫","B1","2025","前期"
"5274","城間盛渚","ｾｲﾅ","岡","B1","2025","前期"
"5275","松田淳平","ｼﾞｭﾝﾍﾟｲ","重","B1","2025","前期"
"5276","大島隆乃介","ﾘｭｳﾉｽｹ","岡","B1","2025","前期"
"5277","井上未都","ﾐﾄ","岡","B1","2025","前期"
"5278","田中駿兵","ｼｭﾝﾍﾟｲ","島","B1","2025","前期"
"5279","石渡翔一郎","ｼｮｳｲﾁﾛｳ","京","B1","2025","前期"
"5280","廣瀬凜","ﾘﾝ","賀","B1","2025","前期"
"5281","井上遥妃","ﾊﾙﾋ","島","B1","2025","前期"
"5282","中本大樹","ﾀﾞｲｷ","井","B1","2025","前期"
"5283","植木美帆","ﾐﾎ","京","B1","2025","前期"
"5284","嘉手苅徹哉","ﾙ ﾃﾂﾔ","岡","B1","2025","前期"
"5285","若林麗","ﾔｼ ﾚｲ","京","B1","2025","前期"
"5286","坂井滉哉","ｺｳﾔ","岡","B1","2025","前期"
"5287","滝沢織寧","ﾜ ｵﾘﾈ","玉","B1","2025","前期"
"5288","尾道佳諭","ｹｲﾄ","玉","B1","2025","前期"
"5289","佃來紀","ﾗｲｷ","阪","B1","2025","前期"
"5290","坂本一真","ｶｽﾞﾏ","京","B1","2025","前期"
"5291","三嶌こころ","ｺｺﾛ","川","B1","2025","前期"
"5292","佐藤右京","ｳｷｮｳ","京","B1","2025","前期"
"5293","眞崎武蔵","ﾑｻｼ","岡","B1","2025","前期"
"5294","豊田祥生","ｼｮｳｷ","岡","B1","2025","前期"
"5295","田上凜","ﾘﾝ","阪","B1","2025","前期"
"5296","永田楽","ﾗｸ","知","B1","2025","前期"
"5297","南彩寧","ｱﾔﾈ","庫","B1","2025","前期"
"5298","水谷理人","ﾆ ﾏｻﾄ","川","B1","2025","前期"
"5299","西丸敦基","ｱﾂｷ","川","B1","2025","前期"
"5300","横田海人","ｶｲﾄ","知","B1","2025","前期"
"5301","岩下巧斗","ﾀｸﾄ","馬","B1","2025","前期"
"5302","秋末秦悟","ｼﾝｺﾞ","阪","B1","2025","前期"
"5303","土井歩夢","ｱﾕﾑ","岡","B1","2025","前期"
"5304","井田涼介","ﾘｮｳｽｹ","馬","B1","2025","前期"
"5305","伊藤栞","ｼｵﾘ","知","B1","2025","前期"
"5306","河内悠利杏","ﾕﾘｱﾝ","馬","B1","2025","前期"
"5307","富永夏哉人","ﾞ ｶﾔﾄ","賀","B1","2025","前期"
"5308","藤森拓海","ﾘ ﾀｸﾐ","岡","B1","2025","前期"
"5309","森雄利","ｳﾘ","崎","B1","2025","前期"
"5310","土屋蘭","ﾗﾝ","山","B1","2025","前期"
"5311","小林京平","ｼ ｷｮｳﾍｲ","口","B1","2025","前期"
"5312","川辺郭人","ｶﾞｸﾄ","賀","B1","2025","前期"
"5313","鈴木唯央","ｲｵ","馬","B1","2025","前期"
"5314","中曽瑠華","ﾙｶ","京","B1","2025","前期"
"5315","浅井翼","ﾂﾊﾞｻ","玉","B1","2025","前期"
"5316","村松将平","ｼｮｳﾍｲ","岡","B1","2025","前期"
"5317","長尾萌加","ﾓｶ","山","B1","2025","前期"
"5318","河内一馬","ｶｽﾞﾏ","知","B1","2025","前期"
"5319","近藤颯斗","ｳ ﾊﾔﾄ","知","B1","2025","前期"
"5320","岩崎麗子","ｷ ﾚｲｺ","馬","B1","2025","前期"
"5321","一色颯輝","ｻﾂｷ","知","B1","2025","前期"
"5322","根岸真優","ﾏﾕ","玉","B1","2025","前期"
"5323","香川陽太","ﾋﾅﾀ","賀","B1","2025","前期"
"5324","畑田希咲","ｷｻｷ","庫","B1","2025","前期"
"5325","澁川夏","ﾜ ﾅﾂ","阪","B1","2025","前期"
"5326","三嶌さらら","ｻﾗﾗ","川","B1","2025","前期"
"5327","西田和加","ﾜｶ","玉","B1","2025","前期"
"5328","井上慧人","ｹｲﾄ","岡","B1","2025","前期"
"5329","金子龍斗","ﾘｭｳﾄ","庫","B1","2025","前期"
"5330","安河内鈴之介","ﾁ ｽｽﾞﾉｽｹ","岡","B1","2025","前期"
"5331","佐藤永梧","ｴｲｺﾞ","京","B1","2025","前期"
"5332","村松遥輝","ﾊﾙｷ","岡","B1","2025","前期"
"5333","山下智己","ﾄﾓｷ","庫","B1","2025","前期"
"5334","樫葉新心","ﾆｺ","島","B1","2025","前期"
"5335","森陽多","ﾅﾀ","崎","B1","2025","前期"
"5336","瀬川大地","ﾀﾞｲﾁ","口","B1","2025","前期"
"5337","出畑孝成","ﾀ ｺｳｾｲ","岡","B1","2025","前期"
"5338","香月大輝","ﾋﾛｷ","岡","B1","2025","前期"
"5339","石井伸長","ﾉﾌﾞﾅｶﾞ","川","B1","2025","前期"
"5340","樋江井舞","ﾏｲ","知","B1","2025","前期"
"5341","山道諄也","ｳ ｼﾞｭﾝﾔ","馬","B1","2025","前期"
"5342","原村百那","ﾓﾓﾅ","口","B1","2025","前期"
"5343","小林礼央","ｼ ﾚｵ","島","B1","2025","前期"
"5344","谷口丞","ﾁ ｼﾞｮｳ","賀","B1","2025","前期"
"5345","牧村俊輝","ﾄｼｷ","知","B1","2025","前期"
"5346","中村紋夕梨","ｱﾕﾘ","知","B1","2025","前期"
"5347","井澤聖奈","ｾﾅ","知","B1","2025","前期"
"5348","小林甘寧","ｼ ｶﾝﾈｲ","島","B1","2025","前期"
"5349","宮崎奏磨","ｷ ｿｳﾏ","岡","B1","2025","前期"
"5350","網代良芽","ﾘｮｳｶﾞ","庫","B1","2025","前期"
"5351","齊藤廉","ﾚﾝ","岡","B1","2025","前期"
"5352","西岡蒼志","ｿｳｼ","川","B1","2025","前期"
"5353","草川壮良","ｿﾗ","賀","B1","2025","前期"
"5354","渡邊雄斗","ﾞ ﾕｳﾄ","重","B1","2025","前期"
"5355","萩原丈太朗","ﾗ ｼﾞｮｳﾀﾛｳ","井","B1","2025","前期"
"5356","長谷川暖","ﾜ ﾋﾅﾀ","山","B1","2025","前期"
"5357","田中瀬里奈","ｾﾘﾅ","玉","B1","2025","前期"
"5358","増本杏珠","ｱﾝｼﾞｭ","岡","B1","2025","前期"
"5359","佐藤世那","ｾﾅ","京","B1","2025","前期"
"5360","高木茉白","ﾏｼﾛ","玉","B1","2025","前期"
"5361","植竹玲奈","ﾚﾅ","京","B1","2025","前期"
"5362","中嶋世奈","ﾏ ｾﾅ","岡","B1","2025","前期"
"5363","山本凱立","ｶｲﾘ","島","B1","2025","前期"
"5364","金子怜央","ﾚｵ","馬","B1","2025","前期"
"5365","石村日奈那","ﾋﾅﾅ","京","B1","2025","前期"
"5366","塩嶋泰空","ﾏ ﾔｽﾋﾛ","井","B1","2025","前期"
"5367","赤松咲香","ｻﾔｶ","島","B1","2025","前期"
"5368","宮崎心之介","ｷ ｼﾝﾉｽｹ","玉","B1","2025","前期"
"5369","岡崎凪汰","ｷ ﾅｷﾞﾀ","崎","B1","2025","前期"
"5370","日隈茜","ｱｶﾈ","岡","B1","2025","前期"
"5371","早川颯太","ｿｳﾀ","京","B1","2025","前期"
"5372","上岡巧汰","ｺｳﾀ","島","B1","2025","前期"
"5373","諏訪玲奈","ｲﾅ","山","B1","2025","前期"
"5374","木山大聖","ﾀｲｾｲ","山","B1","2025","前期"
"5375","庄島潤成","ﾞﾏ ｼﾞｭﾝｾｲ","口","B1","2025","前期"
"5376","吉田一心","ｲｯｼﾝ","阪","B1","2025","前期"
"5377","鳥居塚嶺王","ﾞｶ ﾈｵ","馬","B1","2025","前期"
"5378","鈴木結平太","ｷｯﾍﾟｲﾀ","岡","B1","2025","前期"
"5379","廣部大明","ﾀｲﾒｲ","賀","B1","2025","前期"
"5380","野田亜湖","ｱｺ","島","B1","2025","前期"
"5381","有山望","ﾉｿﾞﾑ","阪","B1","2025","前期"
"5382","山下心一","ｼﾝｲﾁ","岡","B1","2025","前期"
"5383","中村楓","ｶｴﾃﾞ","重","B1","2025","前期"
"5384","八戸琉楓","ﾌｳ","崎","B1","2025","前期"
"5385","鈴木柊介","ｼｭｳｽｹ","岡","B1","2025","前期"
"5386","米玉利大悟","ﾘ ﾀﾞｲｺﾞ","庫","B1","2025","前期"
"5387","戸田海咲音","ﾐｻﾄ","口","B1","2025","前期"
"5388","佐野優都","ｳﾄ","島","B1","2025","前期"
"5389","恵良琴美","ﾄﾐ","岡","B1","2025","前期"
"5390","高橋涼夏","ｽｽﾞｶ","馬","B1","2025","前期"
"5391","出穂和鼓","ﾜｺ","口","B1","2025","前期"
"5392","安武一也","ｶｽﾞﾔ","岡","B1","2025","前期"
"5393","藤原駿","ﾗ ｼｭﾝ","阪","B1","2025","前期"
"5394","福西広太郎","ｺｳﾀﾛｳ","玉","B1","2025","前期"
"5395","日高龍之介","ﾘｭｳﾉｽｹ","賀","B1","2025","前期"
"5396","近藤来希","ｳ ﾗｲｷ","庫","B1","2025","前期"
"5397","寺田夢生","ﾑｳ","口","B1","2025","前期"
"5398","鐘江真司","ｴ ｼﾝｼﾞ","岡","B1","2025","前期"
"5399","長野未来","ﾐﾗｲ","重","B1","2025","前期"
"5400","高村諒","ﾘｮｳ","賀","B1","2025","前期"
"5401","谷海夏人","ﾅﾄ","島","B1","2025","前期"
"5402","塚越陸斗","ｼ ﾘｸﾄ","馬","B1","2025","前期"
"5403","藤山湧太","ﾏ ﾕｳﾀ","島","B1","2025","前期"
"5404","内田壮","ｿｳ","口","B1","2025","前期"
"5405","竹内来","ﾗｲ","知","B1","2025","前期"
"5406","小畑楓夏","ﾌｳｶ","口","B1","2025","前期"
"5407","中岡駿","ｼｭﾝ","川","B1","2025","前期"
"5408","中山鷹輔","ｵｳｽｹ","岡","B1","2025","前期"
"5409","宮本琉正","ﾘｭｳｾｲ","岡","B1","2025","前期"
"5410","今泉澪","ﾞﾐ ﾐｵ","知","B1","2025","前期"
"5411","木下虎之輔","ﾄﾗﾉｽｹ","京","B1","2025","前期"
"5412","久保田凪紗","ﾅｷﾞｻ","賀","B1","2025","前期"
"5413","宮城那菜","ﾅﾅ","岡","B1","2025","前期"
"5414","中澤英里","ﾜ ｴﾘ","玉","B1","2025","前期"
"5415","阿部未侑","ﾐﾋﾛ","京","B1","2025","前期"
"5416","龍田真白","ﾏｼﾛ","重","B1","2025","前期"
"5417","小柳勝希","ﾞ ｶﾂｷ","賀","B1","2025","前期"
"5418","堀内亜海","ｱﾐ","阪","B1","2025","前期"
"5419","櫻井隼","ﾊﾔﾄ","玉","B1","2025","前期"
"5420","吉原快誓","ｶｲｾｲ","崎","B1","2025","前期"
